"O3_Flora","O3_Pance","O3_Nav","O3_Univalle","Date","date"
8.92959303645833,16.5521173007083,NA,20.6760459786667,"2018-01-01","2018-01-01"
14.2690384514583,33.3257578272917,NA,30.251407825375,"2018-01-02","2018-01-02"
22.8029959121667,34.205311298375,NA,34.361440214375,"2018-01-03","2018-01-03"
18.5875152006667,33.1647243381667,NA,33.8938708945417,"2018-01-04","2018-01-04"
21.8694921362083,22.242026461,NA,26.619571332,"2018-01-05","2018-01-05"
21.7795749602083,27.8860022110476,NA,34.2780624635417,"2018-01-06","2018-01-06"
21.516362861875,33.1805042695217,NA,39.46710096975,"2018-01-07","2018-01-07"
23.5721964845417,22.9419588209583,NA,26.6964096467083,"2018-01-08","2018-01-08"
9.534490404625,23.3801006986,NA,20.2844620063913,"2018-01-09","2018-01-09"
23.9073423235417,27.2276317947391,NA,31.230687619,"2018-01-10","2018-01-10"
27.7966689125,35.4478031842083,NA,40.511775070625,"2018-01-11","2018-01-11"
10.8971443397917,27.930727248875,NA,27.1427258113333,"2018-01-12","2018-01-12"
13.6551493662083,28.5740437739583,NA,30.3658478687083,"2018-01-13","2018-01-13"
9.53612526225,26.3187575050833,NA,30.0985486293333,"2018-01-14","2018-01-14"
13.5534378596429,27.0650700694583,NA,32.3088763074167,"2018-01-15","2018-01-15"
1.74602807816667,27.713291168,NA,30.70916799475,"2018-01-16","2018-01-16"
18.639246771,24.298890754,NA,28.1064744550833,"2018-01-17","2018-01-17"
12.0374576213333,30.315167279,NA,33.062545728875,"2018-01-18","2018-01-18"
23.443042724125,30.3584910094167,NA,36.25133577125,"2018-01-19","2018-01-19"
24.2490275933333,29.9031831257917,NA,38.8752824616667,"2018-01-20","2018-01-20"
26.10622599775,26.537011015625,NA,34.8469929629583,"2018-01-21","2018-01-21"
11.5895065972083,26.0441014034167,NA,32.26718743575,"2018-01-22","2018-01-22"
14.0810298095,27.0691572135833,NA,35.5270937895,"2018-01-23","2018-01-23"
30.94131780025,29.1805760004167,NA,39.8349439624167,"2018-01-24","2018-01-24"
28.0247315716667,26.6262884657391,NA,32.0170541970435,"2018-01-25","2018-01-25"
21.393748530375,29.6612241770417,NA,35.8017498927083,"2018-01-26","2018-01-26"
33.194969208,34.00013665,NA,50.3699673145417,"2018-01-27","2018-01-27"
26.0105868199167,20.8002951664167,NA,31.0451312637917,"2018-01-28","2018-01-28"
27.50893395125,25.5209469227917,NA,31.4906300014167,"2018-01-29","2018-01-29"
17.7323779761739,17.35319759875,NA,22.985282551625,"2018-01-30","2018-01-30"
40.716949722375,28.7162763984583,NA,37.895185239875,"2018-01-31","2018-01-31"
29.0963808275417,24.6103311562083,NA,32.2949800178333,"2018-02-01","2018-02-01"
19.2872343160417,21.7893841060833,NA,34.1933768368,"2018-02-02","2018-02-02"
20.4471658929167,21.447698837,NA,NA,"2018-02-03","2018-02-03"
22.1948288291667,34.7979472327083,NA,NA,"2018-02-04","2018-02-04"
16.4458515460833,24.5964348645,NA,31.8758024884667,"2018-02-05","2018-02-05"
21.485300564875,31.4162439742083,NA,34.470158255125,"2018-02-06","2018-02-06"
19.78913564875,26.2239357565833,NA,29.8325999187826,"2018-02-07","2018-02-07"
14.8469606665417,28.819272437375,NA,32.4911629457917,"2018-02-08","2018-02-08"
18.4223945682083,26.65226848575,NA,35.1281884975,"2018-02-09","2018-02-09"
25.0076015889167,25.6648144055833,NA,30.3372378578333,"2018-02-10","2018-02-10"
16.796528534375,17.3147784412917,NA,18.0128627,"2018-02-11","2018-02-11"
27.0944975084167,31.8592904236667,NA,59.2976919341429,"2018-02-12","2018-02-12"
22.140878523125,24.5915302922083,NA,32.0047927640417,"2018-02-13","2018-02-13"
23.454486725875,43.89494969915,NA,43.0384477224167,"2018-02-14","2018-02-14"
26.9203851579167,35.639898973875,NA,38.8237844462083,"2018-02-15","2018-02-15"
24.6373063087917,30.4753833380833,NA,31.334501087875,"2018-02-16","2018-02-16"
15.1404176327917,24.517961693125,NA,10.0088963989091,"2018-02-17","2018-02-17"
20.885307769375,31.7170577999583,NA,NA,"2018-02-18","2018-02-18"
14.4239040679545,31.0091643947917,NA,NA,"2018-02-19","2018-02-19"
17.8951529434583,30.81298146375,NA,NA,"2018-02-20","2018-02-20"
18.745278974375,27.5568779287391,NA,NA,"2018-02-21","2018-02-21"
14.1758515592917,23.967014630875,NA,25.0447128607,"2018-02-22","2018-02-22"
21.1362584350833,26.9759703219583,NA,28.314101394,"2018-02-23","2018-02-23"
26.8410945580417,25.412228883375,NA,28.799654143375,"2018-02-24","2018-02-24"
16.9207777242083,29.2467877380417,NA,29.7004607639583,"2018-02-25","2018-02-25"
15.209899088,32.573723259375,NA,37.451321366087,"2018-02-26","2018-02-26"
23.2400004971304,38.4543065959583,NA,36.7916562618333,"2018-02-27","2018-02-27"
26.8255634067083,35.5990275359167,NA,40.336845291625,"2018-02-28","2018-02-28"
21.533528868,40.795422894,NA,36.67231164175,"2018-03-01","2018-03-01"
11.6459091905,24.364285064875,NA,22.9190708125,"2018-03-02","2018-03-02"
23.7732839870833,44.3741265093333,NA,44.9201689978333,"2018-03-03","2018-03-03"
21.4918399959167,37.4803223178696,NA,43.0613357373333,"2018-03-04","2018-03-04"
18.894868457875,33.75163827125,NA,40.4555359661333,"2018-03-05","2018-03-05"
18.32512053225,36.57176789075,NA,55.1484229707143,"2018-03-06","2018-03-06"
25.6582749765417,40.4578247612917,NA,41.5981380499167,"2018-03-07","2018-03-07"
16.6150593244167,36.739340810875,NA,36.0281776898333,"2018-03-08","2018-03-08"
20.864872048,48.7686241415417,NA,50.8424411996667,"2018-03-09","2018-03-09"
27.9258226740833,43.9948395092083,NA,58.7690490105,"2018-03-10","2018-03-10"
29.0563268110417,41.8458189979167,NA,51.1563338875,"2018-03-11","2018-03-11"
20.5272739220417,40.602189817,NA,44.9054197346522,"2018-03-12","2018-03-12"
16.069016835625,34.4963159762917,NA,37.5968237029167,"2018-03-13","2018-03-13"
19.1490888379167,43.7308099823333,NA,48.68769868625,"2018-03-14","2018-03-14"
14.4274710308182,40.9074106458333,NA,41.4902374366667,"2018-03-15","2018-03-15"
32.5165032413333,49.6424556102917,NA,52.0507432434782,"2018-03-16","2018-03-16"
19.6624341727917,53.2554912405833,NA,53.6045333733333,"2018-03-17","2018-03-17"
20.4038421620417,6.3342563565,NA,55.2410259808333,"2018-03-18","2018-03-18"
21.1387107214583,12.3163643538,NA,41.5278391645833,"2018-03-19","2018-03-19"
12.661155853625,32.4707272232917,NA,35.51238006875,"2018-03-20","2018-03-20"
21.6986495017917,44.04960724375,NA,44.8261646745833,"2018-03-21","2018-03-21"
8.34513139075,34.20122415325,NA,29.55741071,"2018-03-22","2018-03-22"
18.643100364875,49.7402201014,NA,50.35525359375,"2018-03-23","2018-03-23"
22.7531327517083,40.9302986560833,NA,48.9688942208333,"2018-03-24","2018-03-24"
20.1406300640417,46.455300426,NA,48.87897704,"2018-03-25","2018-03-25"
18.13629446175,36.68816976475,NA,33.3519898618182,"2018-03-26","2018-03-26"
26.14873230075,31.11297786075,NA,35.2409936832917,"2018-03-27","2018-03-27"
NA,32.554922397875,NA,35.21483595925,"2018-03-28","2018-03-28"
NA,19.5880481445,NA,26.191238601625,"2018-03-29","2018-03-29"
NA,28.6942058187917,NA,38.531553621625,"2018-03-30","2018-03-30"
NA,28.4367157224583,NA,NA,"2018-03-31","2018-03-31"
6.648149044875,28.32881511,NA,NA,"2018-04-01","2018-04-01"
8.32843248628572,22.462945499625,NA,25.2115716046842,"2018-04-02","2018-04-02"
16.1695605874583,27.2122072673333,NA,28.7702267038333,"2018-04-03","2018-04-03"
7.763939460125,25.7759847334583,NA,23.7291428289167,"2018-04-04","2018-04-04"
16.8733668488333,19.9550737095833,NA,20.080140327875,"2018-04-05","2018-04-05"
20.9989303842917,25.3394777125,NA,25.804594743,"2018-04-06","2018-04-06"
25.4727186193333,28.7318075447083,NA,34.5747891461667,"2018-04-07","2018-04-07"
21.983932179,32.9660891224583,NA,34.8396361067917,"2018-04-08","2018-04-08"
21.0854001417826,33.1303923278333,NA,39.280727187625,"2018-04-09","2018-04-09"
18.1256678871667,31.6058874736667,NA,31.7734603929167,"2018-04-10","2018-04-10"
20.0507128882083,31.3850039746087,NA,36.5215848664348,"2018-04-11","2018-04-11"
24.4868993952917,29.8590419657083,NA,38.8344110204167,"2018-04-12","2018-04-12"
19.4360063734583,31.8421244185833,NA,41.2270253391667,"2018-04-13","2018-04-13"
26.9645263174583,32.7216778875417,NA,42.5692435520833,"2018-04-14","2018-04-14"
24.1027078242083,36.661685068375,NA,46.34331266875,"2018-04-15","2018-04-15"
18.9038601759167,28.9868453557083,NA,37.3507776075,"2018-04-16","2018-04-16"
15.890817341,30.0429634634167,NA,37.09982694625,"2018-04-17","2018-04-17"
23.97845863575,35.9905759608333,NA,51.1170973029167,"2018-04-18","2018-04-18"
25.3836188715417,34.7865032285833,NA,44.7395172179167,"2018-04-19","2018-04-19"
4.5906805652,24.5768165722083,NA,31.4293228366667,"2018-04-20","2018-04-20"
67.78120236,36.6224484780833,NA,41.24419134875,"2018-04-21","2018-04-21"
NA,28.3999314235,NA,18.662882144,"2018-04-22","2018-04-22"
NA,24.156658130875,NA,32.56101596,"2018-04-23","2018-04-23"
26.5827870325,34.7162043476667,NA,42.2211254734783,"2018-04-24","2018-04-24"
NA,37.74657667185,NA,39.7948899479167,"2018-04-25","2018-04-25"
NA,16.2999988801905,NA,26.7789699629167,"2018-04-26","2018-04-26"
NA,29.1519659865417,NA,37.7611269075,"2018-04-27","2018-04-27"
NA,29.3669497832917,NA,30.007814023625,"2018-04-28","2018-04-28"
NA,14.0458803682917,NA,18.83437872125,"2018-04-29","2018-04-29"
NA,40.0254048940833,NA,46.25666521125,"2018-04-30","2018-04-30"
NA,29.809996233375,NA,34.1415518454167,"2018-05-01","2018-05-01"
45.0744295065,33.3707164156667,NA,45.86102963375,"2018-05-02","2018-05-02"
17.310691297375,24.0683758122083,NA,31.64594149,"2018-05-03","2018-05-03"
17.0172343309583,28.9224817183478,NA,35.9742273845833,"2018-05-04","2018-05-04"
19.0796073845417,16.4352249720833,NA,36.6714942145,"2018-05-05","2018-05-05"
11.59849831475,15.2581273909583,NA,37.193667778,"2018-05-06","2018-05-06"
4.02665464125,11.8554197642609,NA,28.4042700846154,"2018-05-07","2018-05-07"
NA,14.2404284415,NA,28.8619208991304,"2018-05-08","2018-05-08"
18.2221244929167,24.98389615175,NA,36.2390743416667,"2018-05-09","2018-05-09"
15.7114500907857,15.033854633,NA,38.1837376320833,"2018-05-10","2018-05-10"
40.6827344814286,12.4657903526667,NA,31.917327875625,"2018-05-11","2018-05-11"
NA,15.4445011747917,NA,36.2954769308333,"2018-05-12","2018-05-12"
NA,7.57266110341667,NA,21.3389807970833,"2018-05-13","2018-05-13"
NA,13.389484982125,NA,32.34320832,"2018-05-14","2018-05-14"
17.2967950073333,14.6013604453182,NA,36.85950285875,"2018-05-15","2018-05-15"
NA,18.3589854422381,NA,33.94046433875,"2018-05-16","2018-05-16"
NA,22.988552268875,NA,36.44179670125,"2018-05-17","2018-05-17"
NA,11.854353552375,NA,29.8067265175,"2018-05-18","2018-05-18"
NA,16.8414871230417,NA,36.6976519404167,"2018-05-19","2018-05-19"
NA,17.035217765625,NA,37.0728517933333,"2018-05-20","2018-05-20"
12.0613265449333,10.859542612,NA,25.4571874704167,"2018-05-21","2018-05-21"
16.7245947942917,10.7039586483889,NA,13.218805831,"2018-05-22","2018-05-22"
11.779150096375,11.7228218155909,NA,NA,"2018-05-23","2018-05-23"
25.22095052625,16.0870002705,NA,28.4203671451667,"2018-05-24","2018-05-24"
24.0021640722917,17.9556426804167,NA,28.9860279269167,"2018-05-25","2018-05-25"
14.21672300275,12.9513431041667,NA,29.828797099,"2018-05-26","2018-05-26"
15.2949116901667,12.0162044709583,NA,27.916013527,"2018-05-27","2018-05-27"
6.6898379176,6.70046449316667,NA,13.3592401134583,"2018-05-28","2018-05-28"
26.6235327190769,6.87130712816667,NA,26.752812239375,"2018-05-29","2018-05-29"
15.9055310605417,5.65427230785714,NA,17.5163330478571,"2018-05-30","2018-05-30"
23.5076196033333,16.822686257125,NA,NA,"2018-05-31","2018-05-31"
20.0621568927083,18.300188951125,NA,18.4980884814,"2018-06-01","2018-06-01"
19.4417283754167,NA,NA,36.15242688175,"2018-06-02","2018-06-02"
17.8910657985417,NA,NA,25.3525565755417,"2018-06-03","2018-06-03"
12.7845876132083,NA,NA,28.0517067220417,"2018-06-04","2018-06-04"
16.179369733625,32.8214042136364,NA,29.6710333249167,"2018-06-05","2018-06-05"
19.0722505250417,12.5772876503,NA,26.7245737873182,"2018-06-06","2018-06-06"
19.6632516019167,14.961400709125,NA,30.99363324475,"2018-06-07","2018-06-07"
18.4542742939583,20.3423863725,NA,31.6524809190833,"2018-06-08","2018-06-08"
17.904962089125,14.9346387987391,NA,31.152214447375,"2018-06-09","2018-06-09"
21.0381669700417,9.13640254179167,NA,30.613365333,"2018-06-10","2018-06-10"
16.0641122624167,11.667979769375,NA,NA,"2018-06-11","2018-06-11"
15.518069773875,18.5728014812083,NA,46.9149679344444,"2018-06-12","2018-06-12"
25.0593839317391,13.1614223257083,NA,30.045415750375,"2018-06-13","2018-06-13"
17.7055094450833,17.0254086202083,NA,31.688447787125,"2018-06-14","2018-06-14"
17.8444723533333,15.9769672355652,NA,31.8756390039583,"2018-06-15","2018-06-15"
30.9969029591667,18.2873467137368,NA,32.5680012591667,"2018-06-16","2018-06-16"
22.74087131775,12.9784817429,NA,33.34455869125,"2018-06-17","2018-06-17"
25.838926756125,18.2245024681818,NA,35.901476213625,"2018-06-18","2018-06-18"
16.4080268836818,21.6048584232609,NA,35.0611593275,"2018-06-19","2018-06-19"
27.956067543,18.0259415639167,NA,33.049466867875,"2018-06-20","2018-06-20"
6.5721281595,24.75240029205,NA,31.1464924457083,"2018-06-21","2018-06-21"
48.586103957,18.7960306457826,NA,35.8426213342174,"2018-06-22","2018-06-22"
25.4114114545,15.5139826288333,NA,31.4219659775,"2018-06-23","2018-06-23"
23.6032587817917,18.6823369502917,NA,36.5088258669167,"2018-06-24","2018-06-24"
21.4632299852083,22.1866545395,NA,38.56359328,"2018-06-25","2018-06-25"
24.4942562562917,18.3169462434167,NA,35.0505327535417,"2018-06-26","2018-06-26"
18.9931828581364,20.5714150810417,NA,31.4154265495417,"2018-06-27","2018-06-27"
13.3911198389167,15.0970939034583,NA,37.5714834075,"2018-06-28","2018-06-28"
16.3305940754167,17.1799026773333,NA,32.4944326595833,"2018-06-29","2018-06-29"
13.8611414432083,10.5538242116667,NA,26.789596538625,"2018-06-30","2018-06-30"
21.2874827767917,15.9112530624167,NA,35.8074718908333,"2018-07-01","2018-07-01"
16.2243283217083,15.285102544125,NA,33.1712637691667,"2018-07-02","2018-07-02"
11.00586238,19.7580733520417,NA,39.3861755108333,"2018-07-03","2018-07-03"
31.19226846275,19.547994129875,NA,38.8254193008333,"2018-07-04","2018-07-04"
25.8086818884583,19.1090348229583,NA,43.45778874125,"2018-07-05","2018-07-05"
19.9836837203333,16.7491176603333,NA,37.0957397995833,"2018-07-06","2018-07-06"
32.7723584805417,15.6709289727917,NA,41.0684441329167,"2018-07-07","2018-07-07"
32.097979656,9.64729558933333,NA,41.2556353491667,"2018-07-08","2018-07-08"
18.5074071714583,9.21978028779166,NA,37.3412883256957,"2018-07-09","2018-07-09"
22.4515014954167,10.8497690054783,NA,44.441155677125,"2018-07-10","2018-07-10"
22.0257378276667,31.3014536054286,NA,37.1169929516667,"2018-07-11","2018-07-11"
27.80729548875,39.8210476740833,NA,50.65443255625,"2018-07-12","2018-07-12"
21.424810828375,30.750856870125,NA,33.8170325865833,"2018-07-13","2018-07-13"
30.0903743353333,33.2726249507083,NA,41.0741661433333,"2018-07-14","2018-07-14"
26.1242094343333,30.3821964466667,NA,35.1298233545833,"2018-07-15","2018-07-15"
30.0127185947917,34.1668921395417,NA,35.61128896325,"2018-07-16","2018-07-16"
32.20914998625,35.272873408625,NA,42.3166580316667,"2018-07-17","2018-07-17"
24.2384010171667,36.0069245403333,NA,43.0032982833333,"2018-07-18","2018-07-18"
17.4414799175,35.0374538915417,NA,32.7036944531818,"2018-07-19","2018-07-19"
19.61502329725,32.7731759086667,NA,39.068195675,"2018-07-20","2018-07-20"
21.8645875632917,32.9521928316667,NA,38.39626914175,"2018-07-21","2018-07-21"
16.1115231369167,24.2310441577917,NA,31.17101531375,"2018-07-22","2018-07-22"
21.1011089935417,25.0525601774167,NA,34.8159306685,"2018-07-23","2018-07-23"
9.60969386041667,14.9581309937083,NA,18.9022253185833,"2018-07-24","2018-07-24"
25.0492904619167,26.2885126367333,NA,40.7537340184167,"2018-07-25","2018-07-25"
22.4057254789583,50.5186136143846,NA,49.4555368744444,"2018-07-26","2018-07-26"
24.2596541702083,39.4017066525417,NA,70.0961609333333,"2018-07-27","2018-07-27"
24.611966013,30.72796886025,NA,NA,"2018-07-28","2018-07-28"
18.95862791075,28.0729598728333,NA,NA,"2018-07-29","2018-07-29"
11.1931279049091,28.7452579680455,NA,19.5703371866667,"2018-07-30","2018-07-30"
20.0114763029583,25.9043210666667,NA,27.34381331625,"2018-07-31","2018-07-31"
17.6777168628333,34.7178392024583,NA,36.3101906530417,"2018-08-01","2018-08-01"
27.089592936625,35.1453545037083,NA,37.3597693255417,"2018-08-02","2018-08-02"
18.1362944621667,12.2107525431667,NA,27.0511737799583,"2018-08-03","2018-08-03"
24.2645587419167,NA,NA,33.7867877120833,"2018-08-04","2018-08-04"
20.2485306760833,NA,NA,32.00969734,"2018-08-05","2018-08-05"
23.2828266635833,NA,NA,41.074983571125,"2018-08-06","2018-08-06"
28.3247279662083,NA,NA,37.9368741138333,"2018-08-07","2018-08-07"
31.9353113098333,NA,NA,34.939362428,"2018-08-08","2018-08-08"
28.1947567752083,NA,NA,41.8646198615833,"2018-08-09","2018-08-09"
30.902898640375,NA,NA,44.5065499853333,"2018-08-10","2018-08-10"
35.9309036543333,NA,NA,58.558969786625,"2018-08-11","2018-08-11"
26.28115577775,NA,NA,18.3851431671429,"2018-08-12","2018-08-12"
24.1612073014348,NA,NA,53.1805762923529,"2018-08-13","2018-08-13"
15.7142527041667,NA,NA,29.3219911925,"2018-08-14","2018-08-14"
19.6305544465417,42.8967989829286,NA,43.0340051771304,"2018-08-15","2018-08-15"
39.7981596626667,42.601123277,NA,59.1434314332084,"2018-08-16","2018-08-16"
34.5437268545833,38.4510368770833,NA,53.9936295155,"2018-08-17","2018-08-17"
22.5831075444583,30.78682374075,NA,44.1060098357917,"2018-08-18","2018-08-18"
20.411199022625,16.5235072905,NA,42.4924052414167,"2018-08-19","2018-08-19"
33.0927905985833,17.5011522259167,NA,48.332934552625,"2018-08-20","2018-08-20"
23.770014271875,14.7850590072727,NA,56.0527328492083,"2018-08-21","2018-08-21"
31.8462115646667,NA,NA,43.9915697965417,"2018-08-22","2018-08-22"
26.3179400764167,98.11108336,NA,47.9212476443636,"2018-08-23","2018-08-23"
26.2043174631667,51.336168246875,NA,52.0138167787083,"2018-08-24","2018-08-24"
26.20840460725,32.7674539054583,NA,46.3702878230833,"2018-08-25","2018-08-25"
28.3410765442917,18.9439141903333,NA,45.3542237304167,"2018-08-26","2018-08-26"
35.250802830625,38.4575763077083,NA,44.2112246143333,"2018-08-27","2018-08-27"
24.9977924435,35.4240977506667,NA,41.35209195575,"2018-08-28","2018-08-28"
23.7226033976667,31.3653856822174,NA,17.9311198142857,"2018-08-29","2018-08-29"
24.2563844535,37.9891895626667,NA,43.0988308422174,"2018-08-30","2018-08-30"
18.8246438868636,38.5115266170833,NA,39.8169605251667,"2018-08-31","2018-08-31"
15.5197046314167,34.6009468715417,NA,35.7543390145417,"2018-09-01","2018-09-01"
23.649852227125,29.8999134074583,NA,46.7642885366667,"2018-09-02","2018-09-02"
18.3275728192917,35.4837700615417,NA,42.6452644376667,"2018-09-03","2018-09-03"
32.0105147676667,36.4434315585833,NA,43.3081992575417,"2018-09-04","2018-09-04"
23.6081633545833,33.6936008207083,NA,36.3706803867917,"2018-09-05","2018-09-05"
26.402135251375,39.2365860243333,NA,48.5781632179583,"2018-09-06","2018-09-06"
15.3120776965,36.0150988279167,NA,35.5058406380417,"2018-09-07","2018-09-07"
35.1715122300833,38.37665085125,NA,51.555239181,"2018-09-08","2018-09-08"
26.547637591125,19.4531723807917,NA,42.9501654095833,"2018-09-09","2018-09-09"
33.2350232219167,36.3498943377143,NA,55.0309467626667,"2018-09-10","2018-09-10"
33.4148575749167,38.0382352950417,NA,48.1400213362083,"2018-09-11","2018-09-11"
26.3530895181667,39.2954409055417,NA,44.9594055857083,"2018-09-12","2018-09-12"
11.9038451563182,7.39173684555555,NA,37.5383775371875,"2018-09-13","2018-09-13"
21.19266102925,NA,NA,NA,"2018-09-14","2018-09-14"
17.0368526241667,NA,NA,NA,"2018-09-15","2018-09-15"
21.552329733125,NA,NA,NA,"2018-09-16","2018-09-16"
22.6092652691667,NA,NA,41.8147566995417,"2018-09-17","2018-09-17"
21.4199062545,54.904245285625,NA,43.1651491990417,"2018-09-18","2018-09-18"
19.4319192304583,39.590532728125,NA,44.7190814934583,"2018-09-19","2018-09-19"
25.8421964738333,43.2934855324167,NA,51.21110162375,"2018-09-20","2018-09-20"
23.9196037563333,36.1982028965,NA,42.6027581415417,"2018-09-21","2018-09-21"
29.7683073615,34.926283568625,NA,45.2741157047917,"2018-09-22","2018-09-22"
27.0552609208333,22.69100815575,NA,40.50033107,"2018-09-23","2018-09-23"
30.925253541913,37.4693047970833,NA,45.1416922257083,"2018-09-24","2018-09-24"
32.967723982375,35.0676987625909,NA,46.6817282210833,"2018-09-25","2018-09-25"
19.9771442901667,31.063114699625,NA,37.1476643066522,"2018-09-26","2018-09-26"
12.2982174330417,33.0412925784583,NA,34.2846019002917,"2018-09-27","2018-09-27"
19.5618904211667,39.07963968325,NA,42.7433559012083,"2018-09-28","2018-09-28"
29.2124557274167,34.6172954517917,NA,44.71008977625,"2018-09-29","2018-09-29"
16.1842743071667,27.2669750019583,NA,38.725692978,"2018-09-30","2018-09-30"
20.219920665875,35.47232605475,NA,43.0928600543478,"2018-10-01","2018-10-01"
17.9229455250833,33.5971442135833,NA,34.9344578525,"2018-10-02","2018-10-02"
14.1652249845833,32.5026069499167,NA,35.1085702022917,"2018-10-03","2018-10-03"
23.41688499775,36.4605975649583,NA,49.4341747361333,"2018-10-04","2018-10-04"
23.5476736187917,29.994735159,NA,33.2423800835,"2018-10-05","2018-10-05"
23.348220972125,32.2475691405417,NA,43.035995441625,"2018-10-06","2018-10-06"
25.2904319795417,22.7343318865833,NA,44.9046378535833,"2018-10-07","2018-10-07"
12.9292725251667,31.4252356909583,NA,38.7747387129167,"2018-10-08","2018-10-08"
21.5474251592917,30.3521745131818,NA,34.1709792839583,"2018-10-09","2018-10-09"
19.4536699460435,29.2402483076667,NA,36.3834038478696,"2018-10-10","2018-10-10"
15.6120740938333,28.748156124375,NA,36.2202734750417,"2018-10-11","2018-10-11"
8.909157314625,25.7543600218182,NA,28.8822144609583,"2018-10-12","2018-10-12"
15.5957255161667,11.676621160381,NA,28.7334424054583,"2018-10-13","2018-10-13"
19.60521415125,10.8096794499583,NA,36.85705056975,"2018-10-14","2018-10-14"
18.0275764210417,19.0011342117083,NA,34.3352824869583,"2018-10-15","2018-10-15"
11.614029463625,15.7044435566667,NA,25.3010585559167,"2018-10-16","2018-10-16"
15.877738479,26.6375547669167,NA,35.766600451125,"2018-10-17","2018-10-17"
16.4311378275833,27.996121558875,NA,32.7224953172917,"2018-10-18","2018-10-18"
22.3991860482083,30.6217031090833,NA,25.3253478713333,"2018-10-19","2018-10-19"
15.679103262375,19.21023251805,NA,21.2727690566667,"2018-10-20","2018-10-20"
11.6802412027917,6.98411231215,NA,NA,"2018-10-21","2018-10-21"
22.1645839604167,18.0373855673333,NA,NA,"2018-10-22","2018-10-22"
19.731915627625,14.3614079140417,NA,NA,"2018-10-23","2018-10-23"
9.80587679129167,15.992178521,NA,NA,"2018-10-24","2018-10-24"
10.1361180565833,11.904380201,NA,NA,"2018-10-25","2018-10-25"
1.4027079505,19.3011306090417,NA,NA,"2018-10-26","2018-10-26"
NA,22.2937377225,NA,NA,"2018-10-27","2018-10-27"
NA,20.0850449008333,NA,NA,"2018-10-28","2018-10-28"
NA,10.1434749169583,NA,NA,"2018-10-29","2018-10-29"
NA,28.354155406,NA,NA,"2018-10-30","2018-10-30"
NA,31.3951543084,NA,NA,"2018-10-31","2018-10-31"
NA,18.2595129800435,NA,NA,"2018-11-01","2018-11-01"
NA,23.3514906875833,NA,NA,"2018-11-02","2018-11-02"
NA,17.6057831214167,NA,NA,"2018-11-03","2018-11-03"
NA,NA,NA,NA,"2018-11-04","2018-11-04"
NA,NA,NA,NA,"2018-11-05","2018-11-05"
NA,NA,NA,NA,"2018-11-06","2018-11-06"
NA,0,NA,NA,"2018-11-07","2018-11-07"
NA,16.1529890748636,NA,NA,"2018-11-08","2018-11-08"
NA,10.3780770034348,NA,NA,"2018-11-09","2018-11-09"
NA,19.7033056159167,NA,NA,"2018-11-10","2018-11-10"
NA,10.9586001291364,NA,NA,"2018-11-11","2018-11-11"
NA,12.9099267081667,NA,NA,"2018-11-12","2018-11-12"
3.570529328,18.150599467125,NA,NA,"2018-11-13","2018-11-13"
11.3614439417083,15.2932768339167,NA,NA,"2018-11-14","2018-11-14"
19.3272883343333,22.6133524136667,NA,NA,"2018-11-15","2018-11-15"
27.2588007124583,12.5583827504091,NA,NA,"2018-11-16","2018-11-16"
10.1867986475833,10.0699063177083,NA,NA,"2018-11-17","2018-11-17"
18.428933999125,8.87155558654167,NA,NA,"2018-11-18","2018-11-18"
15.589186085375,17.2913928683478,NA,NA,"2018-11-19","2018-11-19"
20.0637917500833,24.593982578625,NA,NA,"2018-11-20","2018-11-20"
15.92187963825,15.1837058227826,NA,NA,"2018-11-21","2018-11-21"
14.6589520248333,19.9305508431667,NA,NA,"2018-11-22","2018-11-22"
11.77261066575,13.4945829804286,NA,NA,"2018-11-23","2018-11-23"
10.5979653709583,11.8551709822083,NA,NA,"2018-11-24","2018-11-24"
15.3341482762917,15.4344787860435,NA,NA,"2018-11-25","2018-11-25"
5.503748619125,13.7646848355417,NA,NA,"2018-11-26","2018-11-26"
18.5638097632083,21.4436116929583,NA,NA,"2018-11-27","2018-11-27"
19.3159929532727,23.3653869787917,NA,21.979845035625,"2018-11-28","2018-11-28"
3.517279676,21.294839637125,NA,25.0059667316667,"2018-11-29","2018-11-29"
10.0650760559545,11.5069462815417,NA,19.1139393970833,"2018-11-30","2018-11-30"
13.9232660373333,9.038427853,NA,27.7770506195833,"2018-12-01","2018-12-01"
14.8126286536667,NA,NA,25.3435648570833,"2018-12-02","2018-12-02"
21.5392508709167,13.480219586375,NA,34.7636152225,"2018-12-03","2018-12-03"
16.570918164625,15.0250535406087,NA,30.2759306925,"2018-12-04","2018-12-04"
13.0666005756667,13.4941158768333,NA,25.5503743629167,"2018-12-05","2018-12-05"
18.7902375624167,20.0000322979167,NA,33.6388330866667,"2018-12-06","2018-12-06"
13.2472523574167,22.1474179539583,NA,29.6881993320833,"2018-12-07","2018-12-07"
22.2250736967083,33.3891806902353,NA,35.2107488129167,"2018-12-08","2018-12-08"
28.011652707375,38.012173739,NA,39.6085161633333,"2018-12-09","2018-12-09"
24.28090732025,39.1986573256667,NA,32.0469081215218,"2018-12-10","2018-12-10"
17.0548360594167,44.7763015164583,NA,28.4898485993333,"2018-12-11","2018-12-11"
27.1811449667917,38.1690239145,NA,31.532318872,"2018-12-12","2018-12-12"
25.6078431686956,28.8470650175833,NA,23.6408605090417,"2018-12-13","2018-12-13"
14.760313205875,20.4669974284348,NA,17.073636925125,"2018-12-14","2018-12-14"
23.982545779625,11.8298306865833,NA,36.5807596080417,"2018-12-15","2018-12-15"
27.1067589422083,0.21743608075,NA,31.932041594,"2018-12-16","2018-12-16"
29.18711543025,22.2542781981818,NA,31.9880532445217,"2018-12-17","2018-12-17"
24.1819984251667,31.5404931615,NA,28.9075547575,"2018-12-18","2018-12-18"
26.5316088781739,9.09880081354167,NA,35.012113596,"2018-12-19","2018-12-19"
18.4794978127619,0.2053381334,NA,20.903291205125,"2018-12-20","2018-12-20"
17.861638360125,NA,NA,25.6067769542083,"2018-12-21","2018-12-21"
25.7146775675417,NA,NA,20.48640247825,"2018-12-22","2018-12-22"
27.427191063125,NA,NA,31.14976216275,"2018-12-23","2018-12-23"
30.4655741919583,NA,NA,31.0426789773333,"2018-12-24","2018-12-24"
26.5852393198333,NA,NA,33.50886189675,"2018-12-25","2018-12-25"
24.4304968032917,88.17862186,NA,32.331764316125,"2018-12-26","2018-12-26"
20.5893985175833,87.0877824922222,NA,30.2824701245833,"2018-12-27","2018-12-27"
35.9137376485,4.36016562225,NA,27.8408100725833,"2018-12-28","2018-12-28"
29.133982555,35.755156449125,NA,27.2547135664583,"2018-12-29","2018-12-29"
28.4890311689167,38.1199781817083,NA,29.27785003625,"2018-12-30","2018-12-30"
30.361760723,36.0755885662083,NA,35.6170109635,"2018-12-31","2018-12-31"
36.5423404529583,32.853283936875,NA,36.3698629612083,"2019-01-01","2019-01-01"
28.8233595814167,42.1561447213182,NA,35.7706875935,"2019-01-02","2019-01-02"
35.878588204125,34.7529886438333,NA,32.1208676645833,"2019-01-03","2019-01-03"
39.4989806930833,46.393175827125,NA,37.574753119875,"2019-01-04","2019-01-04"
28.1154661728333,38.232783367125,NA,29.5320704186667,"2019-01-05","2019-01-05"
19.9918580087917,27.073244357,NA,21.60791489475,"2019-01-06","2019-01-06"
7.575113390625,NA,NA,10.808044592625,"2019-01-07","2019-01-07"
28.8938219496667,34.5995349510909,NA,17.8093229115417,"2019-01-08","2019-01-08"
11.8641626999583,20.0474431722917,NA,11.7189446827391,"2019-01-09","2019-01-09"
7.52629059181818,20.816643745,NA,0.8514339167,"2019-01-10","2019-01-10"
NA,30.944587515375,NA,NA,"2019-01-11","2019-01-11"
NA,30.1737520827083,NA,NA,"2019-01-12","2019-01-12"
NA,26.9906840415417,NA,NA,"2019-01-13","2019-01-13"
NA,26.442189266375,NA,NA,"2019-01-14","2019-01-14"
NA,30.88082806075,NA,NA,"2019-01-15","2019-01-15"
NA,26.1757074530833,NA,23.8503947798889,"2019-01-16","2019-01-16"
NA,38.2360530816522,NA,33.9788835024583,"2019-01-17","2019-01-17"
NA,28.0606984399583,NA,22.010089903,"2019-01-18","2019-01-18"
NA,33.8579040216667,NA,28.1571550460417,"2019-01-19","2019-01-19"
NA,18.5817931989167,NA,17.8313934913333,"2019-01-20","2019-01-20"
NA,35.929268794875,NA,31.1571190192917,"2019-01-21","2019-01-21"
7.842412632,37.344238181375,NA,31.373737672375,"2019-01-22","2019-01-22"
NA,38.0488618718333,NA,36.0101942525417,"2019-01-23","2019-01-23"
32.5495507226667,35.0734207631667,NA,31.9581993175417,"2019-01-24","2019-01-24"
21.4583254117083,38.948033632875,NA,38.23278337125,"2019-01-25","2019-01-25"
29.15114856325,33.1295749002917,NA,30.62006825225,"2019-01-26","2019-01-26"
19.5659775646667,27.432095632,NA,24.78362607575,"2019-01-27","2019-01-27"
11.0017752362917,14.1954698527917,NA,13.0862188690417,"2019-01-28","2019-01-28"
25.8830679159167,51.8153738999412,NA,36.8325277053333,"2019-01-29","2019-01-29"
18.6659883736667,41.62707502885,NA,31.50109308945,"2019-01-30","2019-01-30"
17.5551025312083,42.8486599722941,NA,18.0210369906667,"2019-01-31","2019-01-31"
25.4400214625417,21.8670398499583,NA,10.2382966656667,"2019-02-01","2019-02-01"
23.5018976009167,28.779218422,NA,27.8923080895833,"2019-02-02","2019-02-02"
24.7190491959167,26.095599423375,NA,22.9852825515833,"2019-02-03","2019-02-03"
22.4237089142917,25.1947928034167,NA,3.56475924247059,"2019-02-04","2019-02-04"
31.9197801620833,35.2736908381667,NA,29.0882065365833,"2019-02-05","2019-02-05"
28.78085327875,30.411623887125,NA,26.4961395701667,"2019-02-06","2019-02-06"
12.64971184975,34.4153905223333,NA,26.4029526828333,"2019-02-07","2019-02-07"
27.318473022125,34.481602256875,NA,25.3770794395417,"2019-02-08","2019-02-08"
13.726265678125,37.3793876188333,NA,26.2386494760417,"2019-02-09","2019-02-09"
17.3466581674167,35.182138802875,NA,25.127763632625,"2019-02-10","2019-02-10"
14.8902843977083,29.8426933872083,NA,28.1317404436364,"2019-02-11","2019-02-11"
13.1638746115417,29.7568633568333,NA,22.3558623167083,"2019-02-12","2019-02-12"
22.5048573068182,23.4001648589545,NA,24.757468354125,"2019-02-13","2019-02-13"
17.6335757032917,36.9674034725417,NA,32.765001616375,"2019-02-14","2019-02-14"
26.0269353993333,34.3526636106316,NA,27.5923116932083,"2019-02-15","2019-02-15"
21.700284359375,26.682513356125,NA,28.356607692375,"2019-02-16","2019-02-16"
19.5488115584583,29.4585018165833,NA,26.104591141125,"2019-02-17","2019-02-17"
5.37541228477778,26.233744904125,NA,21.4051925345833,"2019-02-18","2019-02-18"
NA,17.2289484099167,NA,12.165793954875,"2019-02-19","2019-02-19"
NA,36.915088019,NA,32.2263159925833,"2019-02-20","2019-02-20"
NA,12.7453510280556,NA,29.0506048059583,"2019-02-21","2019-02-21"
NA,27.1484478157917,NA,25.2904319795417,"2019-02-22","2019-02-22"
NA,27.9282749639583,NA,22.4130823384167,"2019-02-23","2019-02-23"
NA,18.5009420524091,NA,26.727471946125,"2019-02-24","2019-02-24"
NA,15.7521814032,NA,34.097446224,"2019-02-25","2019-02-25"
51.6995525336364,28.8736686131364,NA,29.1797585704167,"2019-02-26","2019-02-26"
33.4812922485455,29.1445230836316,NA,23.1716563349583,"2019-02-27","2019-02-27"
31.4889951435833,22.3044900560769,NA,29.6538673196667,"2019-02-28","2019-02-28"
27.9830426967917,NA,NA,18.09215330275,"2019-03-01","2019-03-01"
36.9020091547083,NA,NA,25.66154469,"2019-03-02","2019-03-02"
31.5053437236667,NA,NA,9.73602377827273,"2019-03-03","2019-03-03"
20.6580625423333,60.5392496278571,NA,28.7800358493333,"2019-03-04","2019-03-04"
28.4318111492917,36.79574340375,NA,26.0300629474348,"2019-03-05","2019-03-05"
34.457896821375,34.670428327875,NA,19.2268188941364,"2019-03-06","2019-03-06"
28.9819407845833,38.9644888316956,NA,29.7413322046087,"2019-03-07","2019-03-07"
36.5284441618333,37.78973691775,NA,25.673806122875,"2019-03-08","2019-03-08"
43.0392651590417,40.0346938486818,NA,36.6829382177917,"2019-03-09","2019-03-09"
18.1714439037083,29.6015518701667,NA,18.7030569961304,"2019-03-10","2019-03-10"
33.093608026,35.7322684345833,NA,26.0432839769545,"2019-03-11","2019-03-11"
20.9969239676364,22.5079040884167,NA,20.772502585125,"2019-03-12","2019-03-12"
24.20325157525,35.0145658871667,NA,28.7955669984583,"2019-03-13","2019-03-13"
13.2071983422917,27.1182029449167,NA,16.2284154664583,"2019-03-14","2019-03-14"
31.490630001625,30.8742886295833,NA,25.1710873650833,"2019-03-15","2019-03-15"
31.51433543975,36.6927473648333,NA,29.9489591435417,"2019-03-16","2019-03-16"
22.6239789887083,33.1025997438333,NA,29.9554985724583,"2019-03-17","2019-03-17"
18.0774395824167,1.01454601,NA,23.4373207192083,"2019-03-18","2019-03-18"
5.373777427625,NA,NA,9.16010797904167,"2019-03-19","2019-03-19"
22.212812264375,NA,NA,39.6085161639583,"2019-03-20","2019-03-20"
12.54181123725,NA,NA,25.7416527205,"2019-03-21","2019-03-21"
14.7725746391667,NA,NA,23.6344378546429,"2019-03-22","2019-03-22"
21.615271756,NA,NA,26.6136157795714,"2019-03-23","2019-03-23"
13.5415267525,NA,NA,NA,"2019-03-24","2019-03-24"
21.6569606289583,NA,NA,NA,"2019-03-25","2019-03-25"
21.865404991625,NA,NA,NA,"2019-03-26","2019-03-26"
27.9487106839167,49.1045874156364,NA,89.27304236,"2019-03-27","2019-03-27"
17.6912415945455,26.4622746617857,NA,NA,"2019-03-28","2019-03-28"
22.4498666390417,14.8688826226818,NA,NA,"2019-03-29","2019-03-29"
34.5756065775417,34.383510792125,NA,NA,"2019-03-30","2019-03-30"
17.185624679875,22.2633005171176,NA,NA,"2019-03-31","2019-03-31"
6.80019081575,10.9880275687273,NA,18.58833263,"2019-04-01","2019-04-01"
21.7817547700556,8.70888724016667,NA,NA,"2019-04-02","2019-04-02"
14.0712206635625,NA,NA,19.7692029603077,"2019-04-03","2019-04-03"
16.7074287873333,NA,NA,9.37754406,"2019-04-04","2019-04-04"
16.3502123689167,40.71449743,NA,28.9474452826667,"2019-04-05","2019-04-05"
22.739236459125,32.6383001425833,NA,19.2455454455,"2019-04-06","2019-04-06"
18.9725242017917,32.3276771699583,NA,NA,"2019-04-07","2019-04-07"
16.4650982815,39.3820883685417,NA,39.8139243568572,"2019-04-08","2019-04-08"
22.717165879875,31.8957774775,NA,24.524501124,"2019-04-09","2019-04-09"
15.9652033682917,34.7619803640833,NA,25.7721948356364,"2019-04-10","2019-04-10"
23.2975403817917,46.14958202625,NA,34.3066724760417,"2019-04-11","2019-04-11"
26.5149404360833,53.6429525313333,NA,40.5600033759167,"2019-04-12","2019-04-12"
21.8801187127083,37.1480552481667,NA,28.9737664921667,"2019-04-13","2019-04-13"
24.9029706937917,42.0877779474583,NA,33.9118543295417,"2019-04-14","2019-04-14"
13.007745696625,31.9949836178333,NA,20.5959379474583,"2019-04-15","2019-04-15"
22.9942742694167,44.9536835857083,NA,36.6575979204583,"2019-04-16","2019-04-16"
9.63012958266667,34.0336512318333,NA,23.8738277398333,"2019-04-17","2019-04-17"
21.5539645905,40.5362979372917,NA,8.43150637511111,"2019-04-18","2019-04-18"
11.4750665545417,35.6815878458333,NA,NA,"2019-04-19","2019-04-19"
17.672812289625,33.6764348152083,NA,NA,"2019-04-20","2019-04-20"
15.6145263813333,34.6025817320833,NA,NA,"2019-04-21","2019-04-21"
7.91043693021739,31.2391462311304,NA,20.81337403,"2019-04-22","2019-04-22"
14.535520265625,37.9455155030476,NA,21.47344784625,"2019-04-23","2019-04-23"
21.763226382625,43.3778293361818,NA,15.272841115,"2019-04-24","2019-04-24"
17.9809829758333,46.65802278875,NA,NA,"2019-04-25","2019-04-25"
19.944447135,19.230831726875,NA,NA,"2019-04-26","2019-04-26"
27.7705111884167,12.321922870625,NA,NA,"2019-04-27","2019-04-27"
17.2706372824583,11.3598090835,NA,NA,"2019-04-28","2019-04-28"
17.7300323102917,18.0983915756316,NA,NA,"2019-04-29","2019-04-29"
27.13700380925,37.808537778,NA,NA,"2019-04-30","2019-04-30"
29.257414310625,22.6427798537917,NA,NA,"2019-05-01","2019-05-01"
20.6179342162727,31.524144584875,NA,NA,"2019-05-02","2019-05-02"
20.777407158875,25.2471082497083,NA,NA,"2019-05-03","2019-05-03"
18.3316599630417,23.8239645771667,NA,NA,"2019-05-04","2019-05-04"
23.615520215,23.5010801719583,NA,NA,"2019-05-05","2019-05-05"
19.7675626334348,28.683579243125,NA,NA,"2019-05-06","2019-05-06"
16.68617563675,17.9049620900417,NA,NA,"2019-05-07","2019-05-07"
15.344774851875,16.0543031161667,NA,NA,"2019-05-08","2019-05-08"
8.937767325625,19.8982995587727,NA,NA,"2019-05-09","2019-05-09"
13.22109463325,21.7902015359167,NA,NA,"2019-05-10","2019-05-10"
17.0630103490833,39.71314706075,NA,NA,"2019-05-11","2019-05-11"
9.38490091966667,33.9507355126956,NA,NA,"2019-05-12","2019-05-12"
6.498559560125,23.8517571595,NA,NA,"2019-05-13","2019-05-13"
24.084724389125,35.997932821625,NA,NA,"2019-05-14","2019-05-14"
20.113654911,36.6069173351667,NA,NA,"2019-05-15","2019-05-15"
12.4772343561667,32.155199675875,NA,NA,"2019-05-16","2019-05-16"
7.222801543625,25.5847063755417,NA,NA,"2019-05-17","2019-05-17"
15.4861900480417,22.7179833090833,NA,NA,"2019-05-18","2019-05-18"
7.731242305125,18.5163988890833,NA,NA,"2019-05-19","2019-05-19"
16.0240582467917,35.972592524375,NA,NA,"2019-05-20","2019-05-20"
19.5463592722917,39.5382172799167,NA,NA,"2019-05-21","2019-05-21"
13.6289916417917,36.2439789113333,NA,NA,"2019-05-22","2019-05-22"
15.1101727667917,20.7064543318667,NA,NA,"2019-05-23","2019-05-23"
14.2778524668696,43.8973319233571,NA,NA,"2019-05-24","2019-05-24"
4.95607127233333,23.1201583149583,NA,NA,"2019-05-25","2019-05-25"
15.0210730169583,17.12023036875,NA,NA,"2019-05-26","2019-05-26"
20.7382416532609,17.6809865784583,NA,NA,"2019-05-27","2019-05-27"
7.28901328341667,18.8123081418333,NA,NA,"2019-05-28","2019-05-28"
14.7267986222917,20.1839537949583,NA,NA,"2019-05-29","2019-05-29"
10.4508281738333,22.093467647875,NA,NA,"2019-05-30","2019-05-30"
11.4456391154583,15.2515879603333,NA,0,"2019-05-31","2019-05-31"
10.4810730418333,17.722675451125,NA,NA,"2019-06-01","2019-06-01"
21.1051961379167,21.6684046338333,NA,NA,"2019-06-02","2019-06-02"
21.3308065070833,18.5531831882917,NA,NA,"2019-06-03","2019-06-03"
16.8836735609565,24.254452348,NA,NA,"2019-06-04","2019-06-04"
26.4291104021667,37.1850731004286,NA,NA,"2019-06-05","2019-06-05"
16.037137109125,31.1170650055833,NA,NA,"2019-06-06","2019-06-06"
4.409211354875,27.9062043814583,NA,NA,"2019-06-07","2019-06-07"
18.7183038219583,34.176701285625,NA,NA,"2019-06-08","2019-06-08"
22.5029995147083,34.5723368622083,NA,NA,"2019-06-09","2019-06-09"
18.8475743595238,28.3141013905417,NA,NA,"2019-06-10","2019-06-10"
23.7397694030833,30.412441314125,NA,NA,"2019-06-11","2019-06-11"
9.95301398933333,35.5924881007083,NA,NA,"2019-06-12","2019-06-12"
9.77726678108333,25.529641394,NA,NA,"2019-06-13","2019-06-13"
10.866899471875,38.3177959699167,NA,NA,"2019-06-14","2019-06-14"
20.37523215225,43.6923908255417,NA,NA,"2019-06-15","2019-06-15"
23.1414114669583,32.03340277625,NA,NA,"2019-06-16","2019-06-16"
22.660763288,50.1000025424348,NA,NA,"2019-06-17","2019-06-17"
26.34164551625,46.21334147675,NA,NA,"2019-06-18","2019-06-18"
13.2856715146667,33.281616664875,NA,NA,"2019-06-19","2019-06-19"
26.1111305717917,56.9175725994167,NA,58.3885673061538,"2019-06-20","2019-06-20"
22.401638334875,35.465786622875,NA,51.8025698085714,"2019-06-21","2019-06-21"
3.433201277,48.1400213435,NA,42.599488420875,"2019-06-22","2019-06-22"
NA,37.3840586423809,NA,33.4385630129583,"2019-06-23","2019-06-23"
NA,NA,NA,39.6142381674583,"2019-06-24","2019-06-24"
9.90200642626666,NA,NA,26.5737953144167,"2019-06-25","2019-06-25"
18.861353874125,NA,NA,42.37878262525,"2019-06-26","2019-06-26"
17.4774467879583,NA,NA,39.7202195953478,"2019-06-27","2019-06-27"
10.3363881309583,21.712545793,NA,25.1842830021429,"2019-06-28","2019-06-28"
18.2409253575417,31.9091535861429,NA,NA,"2019-06-29","2019-06-29"
15.889182482875,NA,NA,NA,"2019-06-30","2019-06-30"
15.4878249052083,NA,NA,NA,"2019-07-01","2019-07-01"
20.8959343455417,NA,NA,NA,"2019-07-02","2019-07-02"
22.9705688334583,NA,NA,NA,"2019-07-03","2019-07-03"
21.5784874575833,58.0701473202,NA,NA,"2019-07-04","2019-07-04"
26.2214834715833,43.2076555065417,NA,NA,"2019-07-05","2019-07-05"
33.1009648875417,49.305674910125,NA,NA,"2019-07-06","2019-07-06"
26.3751600985417,38.775556138875,NA,NA,"2019-07-07","2019-07-07"
19.51120983025,44.03325866625,NA,43.6917220225454,"2019-07-08","2019-07-08"
27.8089303475417,35.6815878464167,NA,32.044029346625,"2019-07-09","2019-07-09"
30.212988669375,38.419974579,NA,38.0423224406667,"2019-07-10","2019-07-10"
33.2382929325,43.922905769375,NA,43.01310743075,"2019-07-11","2019-07-11"
27.0340077709583,39.9673674402083,NA,35.4102014608333,"2019-07-12","2019-07-12"
16.6371299036667,36.9502374617083,NA,33.66172109225,"2019-07-13","2019-07-13"
20.6482533967083,38.6725600975833,NA,33.171263774,"2019-07-14","2019-07-14"
15.9300539265417,34.5759619827391,NA,24.9241495321818,"2019-07-15","2019-07-15"
17.2967950065,45.8642993505,NA,43.8477023105417,"2019-07-16","2019-07-16"
37.2687859419565,46.1005362930833,NA,49.5656172957083,"2019-07-17","2019-07-17"
25.0190455920833,46.7234170972917,NA,48.6926032582083,"2019-07-18","2019-07-18"
29.5304355584583,50.8489806305,NA,55.1462042323333,"2019-07-19","2019-07-19"
32.1944362637083,44.630799174625,NA,49.4667084009167,"2019-07-20","2019-07-20"
29.735610203625,40.2011520983333,NA,34.8175655268333,"2019-07-21","2019-07-21"
20.3180121308333,31.7244146595833,NA,33.4312061509167,"2019-07-22","2019-07-22"
11.007497237875,34.56334514325,NA,26.6919670973913,"2019-07-23","2019-07-23"
20.1463520672083,38.23278336825,NA,34.22247730375,"2019-07-24","2019-07-24"
17.3401187376667,38.0529490135556,NA,27.5571622550417,"2019-07-25","2019-07-25"
22.6035432665833,71.5539510146154,NA,42.614202139,"2019-07-26","2019-07-26"
28.0933955949583,45.2406011090833,NA,44.1583252830833,"2019-07-27","2019-07-27"
28.811098147625,55.4257649072917,NA,51.3794919734167,"2019-07-28","2019-07-28"
28.3982965651667,38.7649295645417,NA,39.2889014750417,"2019-07-29","2019-07-29"
32.8884333779583,41.9676158986667,NA,45.1212565009583,"2019-07-30","2019-07-30"
31.77918239525,45.99917511775,NA,48.7882424368333,"2019-07-31","2019-07-31"
28.492300885875,36.8112745544167,NA,37.2060926991667,"2019-08-01","2019-08-01"
34.3254733432083,36.6435594714783,NA,32.4968849459167,"2019-08-02","2019-08-02"
19.5749692825417,45.7416850201667,NA,34.7235612069167,"2019-08-03","2019-08-03"
23.1332371782083,43.2697801015,NA,43.5624196333333,"2019-08-04","2019-08-04"
29.3138169062917,41.8204787015833,NA,31.3527074567727,"2019-08-05","2019-08-05"
28.330449970625,43.68993853975,NA,51.6811232244583,"2019-08-06","2019-08-06"
30.6306948252083,37.381022478375,NA,38.8932659003333,"2019-08-07","2019-08-07"
35.4314546081667,44.7877455225,NA,41.6381920624583,"2019-08-08","2019-08-08"
28.12691017825,48.0026932859583,NA,49.2010440239583,"2019-08-09","2019-08-09"
32.0334027751667,46.944940317625,NA,48.3762582855833,"2019-08-10","2019-08-10"
24.1231435462917,41.3471873833333,NA,42.208757419875,"2019-08-11","2019-08-11"
33.3788907058333,38.7077095436667,NA,40.0319443217083,"2019-08-12","2019-08-12"
29.2868417545417,45.1253436442917,NA,42.4866832356667,"2019-08-13","2019-08-13"
35.6595172667917,47.5361048854,NA,58.0399024535833,"2019-08-14","2019-08-14"
45.3950951750417,64.6319500631579,NA,65.5537086705,"2019-08-15","2019-08-15"
34.4399133825833,45.6403238349167,NA,47.6242237215,"2019-08-16","2019-08-16"
26.899132007375,58.4241683371364,NA,47.6691823055,"2019-08-17","2019-08-17"
44.53025542475,55.34320459175,NA,60.9581235370417,"2019-08-18","2019-08-18"
34.475880255375,58.1859886667619,NA,55.5843461060834,"2019-08-19","2019-08-19"
36.9216274498333,47.5095348935652,NA,42.9141985361667,"2019-08-20","2019-08-20"
35.1866879724348,42.64771672475,NA,26.3808340164706,"2019-08-21","2019-08-21"
39.8349439626667,50.1410872303333,NA,53.5219730534167,"2019-08-22","2019-08-22"
37.948318119125,40.6401857217273,NA,48.4546248382174,"2019-08-23","2019-08-23"
30.9086206416667,51.5838491892083,NA,47.32586218275,"2019-08-24","2019-08-24"
37.0172666293333,43.5763159269167,NA,47.4353976487083,"2019-08-25","2019-08-25"
33.4933307513333,28.5332583751053,NA,44.5555957197917,"2019-08-26","2019-08-26"
36.3167300792917,47.02341349475,NA,46.6122467684167,"2019-08-27","2019-08-27"
24.7685214146087,41.74364038925,NA,45.2446882653,"2019-08-28","2019-08-28"
33.7230282615417,51.7726752657727,NA,40.7527998194762,"2019-08-29","2019-08-29"
31.5772774597917,50.840806347375,NA,48.8650807511667,"2019-08-30","2019-08-30"
26.684965644125,40.9679003829167,NA,35.5524340875,"2019-08-31","2019-08-31"
22.3566797457917,44.2572341795417,NA,43.8795820386667,"2019-09-01","2019-09-01"
20.8280877492083,42.1621639750417,NA,31.0423347974737,"2019-09-02","2019-09-02"
28.202113634625,45.7384153036667,NA,44.4697656891667,"2019-09-03","2019-09-03"
27.982225268125,52.2435142956666,NA,16.1872715472222,"2019-09-04","2019-09-04"
28.4579688749167,51.1694127491667,NA,16.84066969375,"2019-09-05","2019-09-05"
24.6757254665,47.154202116,NA,20.1193769134167,"2019-09-06","2019-09-06"
37.8175294942917,49.6408207590417,NA,18.3349296784167,"2019-09-07","2019-09-07"
40.7929706092917,47.40842249675,NA,17.9531903953333,"2019-09-08","2019-09-08"
28.219279642,50.9691782162609,NA,18.0079581281667,"2019-09-09","2019-09-09"
37.388379338125,51.944335321875,NA,18.4125854213333,"2019-09-10","2019-09-10"
26.9612566009583,47.8481992286667,NA,35.1167444957,"2019-09-11","2019-09-11"
31.7176619861739,43.0711448847917,NA,38.08401131225,"2019-09-12","2019-09-12"
30.952761800125,38.29163824275,NA,42.4138577515909,"2019-09-13","2019-09-13"
29.7871082256667,47.704331744375,NA,48.99832166025,"2019-09-14","2019-09-14"
32.7388438953333,39.6068813104583,NA,43.380132996,"2019-09-15","2019-09-15"
21.804915254875,38.1494056217917,NA,37.2232587065833,"2019-09-16","2019-09-16"
28.05988101175,40.928663800125,NA,39.1098845499167,"2019-09-17","2019-09-17"
28.5903923507917,44.71417692375,NA,37.1815698312917,"2019-09-18","2019-09-18"
15.841771608,49.598314448625,NA,44.53189028175,"2019-09-19","2019-09-19"
12.0023081800833,30.0993660549167,NA,23.3326898229167,"2019-09-20","2019-09-20"
28.5094668945833,38.4346882991667,NA,43.9515157832917,"2019-09-21","2019-09-21"
26.9547171711667,52.031800215,NA,45.7032658633333,"2019-09-22","2019-09-22"
21.0839429867917,39.8692759745833,NA,34.8654434966667,"2019-09-23","2019-09-23"
38.0876364321739,54.1140758837826,NA,51.3124628057083,"2019-09-24","2019-09-24"
30.396910166875,46.9964383452083,NA,43.6114653721667,"2019-09-25","2019-09-25"
36.8774862914167,50.060161771625,NA,49.10867455,"2019-09-26","2019-09-26"
35.0497153288333,40.5461070817083,NA,43.1512529093333,"2019-09-27","2019-09-27"
9.6031544295,50.407569039375,NA,46.987446626,"2019-09-28","2019-09-28"
NA,36.5071910105,NA,30.968292950875,"2019-09-29","2019-09-29"
NA,41.0187530629474,NA,33.6339285147083,"2019-09-30","2019-09-30"
32.3566015773846,58.0840436116667,NA,57.6712420331667,"2019-10-01","2019-10-01"
16.7662836664583,27.4934027995833,NA,29.9419738385909,"2019-10-02","2019-10-02"
8.4020789355,28.1628770495,NA,27.3053941588333,"2019-10-03","2019-10-03"
22.82588392075,44.5801185865,NA,40.8003274611667,"2019-10-04","2019-10-04"
18.8932336007083,46.1422251637917,NA,35.943982518625,"2019-10-05","2019-10-05"
17.46927249975,31.6344974856667,NA,26.9792830572105,"2019-10-06","2019-10-06"
20.1128374835,37.1995532660833,NA,42.209574845,"2019-10-07","2019-10-07"
22.7408713179583,34.063078671,NA,39.4352212391667,"2019-10-08","2019-10-08"
34.6933163360417,38.6145707357647,NA,47.8114149330833,"2019-10-09","2019-10-09"
27.0271840181739,51.2037447652632,NA,47.5964311332083,"2019-10-10","2019-10-10"
30.3846487332917,NA,NA,45.6303660659091,"2019-10-11","2019-10-11"
33.9813357870417,NA,NA,47.692070314125,"2019-10-12","2019-10-12"
24.646298026125,NA,NA,38.3112565404167,"2019-10-13","2019-10-13"
18.5817931989583,NA,NA,36.3363483765,"2019-10-14","2019-10-14"
22.2422397030833,NA,NA,28.102387312375,"2019-10-15","2019-10-15"
23.1667517625,NA,NA,34.180788429375,"2019-10-16","2019-10-16"
18.254004219625,NA,NA,39.8807199795833,"2019-10-17","2019-10-17"
23.1642994745,NA,NA,38.457576308125,"2019-10-18","2019-10-18"
23.3874575593333,NA,NA,41.6349223475,"2019-10-19","2019-10-19"
27.3675187530417,NA,NA,36.1311737280417,"2019-10-20","2019-10-20"
12.75679503225,30.6000098021538,NA,22.941141392,"2019-10-21","2019-10-21"
19.41524368055,43.8378931697083,NA,40.3081185068095,"2019-10-22","2019-10-22"
29.8296145242,43.643345093125,NA,42.16461626025,"2019-10-23","2019-10-23"
12.59371797075,41.7379183847917,NA,33.6747999592917,"2019-10-24","2019-10-24"
22.9488755267692,34.702308053,NA,32.781350196625,"2019-10-25","2019-10-25"
16.30607121025,37.1815698346667,NA,25.2454733920417,"2019-10-26","2019-10-26"
13.28812380075,30.9225169330833,4.741087478,20.0188331612083,"2019-10-27","2019-10-27"
18.2956930923333,32.53530410425,32.6652752969167,21.9218075837917,"2019-10-28","2019-10-28"
10.53829306275,28.22908878675,23.3220632489583,18.6120380674167,"2019-10-29","2019-10-29"
22.8618507911667,39.1564779969167,38.2744722419167,16.8072718863571,"2019-10-30","2019-10-30"
26.56153388325,45.6019046770417,42.8866210713158,38.3145262566667,"2019-10-31","2019-10-31"
22.294555151,46.8255957052917,39.8046990945417,37.7901827872727,"2019-11-01","2019-11-01"
25.7228518544167,51.0868524357917,42.3599817575417,26.0073171037083,"2019-11-02","2019-11-02"
23.73813454575,32.5483829658333,29.5402447040417,19.419657796875,"2019-11-03","2019-11-03"
17.3850773259167,33.0494668647917,31.1325961508333,21.3724953801667,"2019-11-04","2019-11-04"
27.68631601475,36.136895725375,37.4766616592083,28.1582212610435,"2019-11-05","2019-11-05"
27.0982130944545,38.3415014089167,37.3352464610417,8.951546841,"2019-11-06","2019-11-06"
34.7129346305,35.634994400625,38.4641157384167,NA,"2019-11-07","2019-11-07"
24.3493198280769,12.5282419184,37.8379652241667,NA,"2019-11-08","2019-11-08"
10.6363845295,NA,26.206769751375,NA,"2019-11-09","2019-11-09"
14.7480517720833,NA,31.4505759875833,NA,"2019-11-10","2019-11-10"
20.65315796925,NA,26.1724377375833,NA,"2019-11-11","2019-11-11"
12.0325530481667,NA,22.4792940779583,NA,"2019-11-12","2019-11-12"
9.90233339791667,NA,16.3583866568333,NA,"2019-11-13","2019-11-13"
13.60692106275,NA,22.0852933605,NA,"2019-11-14","2019-11-14"
14.2232624346,NA,23.5918147767917,NA,"2019-11-15","2019-11-15"
11.3573567970833,NA,22.982012836125,NA,"2019-11-16","2019-11-16"
12.6495341468261,NA,21.1812170235,NA,"2019-11-17","2019-11-17"
17.8845263682083,NA,22.7245227390833,NA,"2019-11-18","2019-11-18"
16.1147928526667,NA,28.08767359175,NA,"2019-11-19","2019-11-19"
22.16049681625,NA,33.259546086,NA,"2019-11-20","2019-11-20"
22.75640246625,NA,30.4083541705,NA,"2019-11-21","2019-11-21"
13.9355274701667,NA,24.1002555381667,NA,"2019-11-22","2019-11-22"
16.9264997255833,NA,27.0822360780833,NA,"2019-11-23","2019-11-23"
19.1915951404583,NA,34.931188140375,NA,"2019-11-24","2019-11-24"
23.2288763564583,NA,31.46120255875,NA,"2019-11-25","2019-11-25"
21.7673135265417,NA,32.8077567028261,NA,"2019-11-26","2019-11-26"
17.3008821508333,NA,27.1607092474583,NA,"2019-11-27","2019-11-27"
12.864695643125,NA,25.0239501688333,NA,"2019-11-28","2019-11-28"
11.8004032466429,NA,22.514443517375,NA,"2019-11-29","2019-11-29"
17.7849635309,NA,36.2080120411667,NA,"2019-11-30","2019-11-30"
26.2950520686667,NA,37.076121503125,NA,"2019-12-01","2019-12-01"
22.1703059628333,NA,30.37729187625,NA,"2019-12-02","2019-12-02"
14.8118112249167,NA,27.6429922832083,NA,"2019-12-03","2019-12-03"
18.9245188330909,53.9146361572727,35.2516202586667,NA,"2019-12-04","2019-12-04"
21.70600636275,45.7727473183333,32.7976987715,NA,"2019-12-05","2019-12-05"
14.60581914875,31.9107884436667,26.2909649241667,NA,"2019-12-06","2019-12-06"
15.7616635783333,33.6837916747083,28.8503347331667,NA,"2019-12-07","2019-12-07"
21.6144543271667,31.5748251767917,33.7091319732083,NA,"2019-12-08","2019-12-08"
27.410217392,43.4340833029583,33.7213934027917,NA,"2019-12-09","2019-12-09"
12.8066581930417,44.2466076032917,31.278915920375,NA,"2019-12-10","2019-12-10"
12.8303636309167,29.33343519975,21.3234496475,NA,"2019-12-11","2019-12-11"
13.75487568875,29.0334388027917,24.0806372443333,NA,"2019-12-12","2019-12-12"
13.53825703675,29.9742994380417,22.924792814125,NA,"2019-12-13","2019-12-13"
9.73149076329167,28.5209108964167,21.5744003124167,NA,"2019-12-14","2019-12-14"
16.4474864045417,33.154915192125,26.695592217625,22.2013682591667,"2019-12-15","2019-12-15"
16.1262368574583,48.5659017850833,35.1298233571667,NA,"2019-12-16","2019-12-16"
13.4401655725417,28.3239105371667,21.2952305811739,NA,"2019-12-17","2019-12-17"
13.1197334519167,22.5376818548572,22.3910117587917,22.8111702016667,"2019-12-18","2019-12-18"
22.6198918437083,38.5041697538333,35.2696036920833,15.83017898,"2019-12-19","2019-12-19"
17.6213142707083,29.8835648321667,26.0833379904167,24.6672008507143,"2019-12-20","2019-12-20"
17.20933011625,31.9451204557083,27.374875611125,18.0267589916667,"2019-12-21","2019-12-21"
18.15427789775,39.99352516525,32.4241337815,17.3564673158333,"2019-12-22","2019-12-22"
14.511566044913,35.2781495400909,26.1348360089167,17.3850773241667,"2019-12-23","2019-12-23"
19.8610693890833,39.7368524985417,26.154454303,16.66001791125,"2019-12-24","2019-12-24"
17.054018630125,24.5204139796667,26.7667085295833,16.6551133395833,"2019-12-25","2019-12-25"
19.2823297451667,31.9336764527083,31.2364096230833,25.0252651621739,"2019-12-26","2019-12-26"
14.1979221392083,30.1214366349167,27.9307272477083,15.0619444604167,"2019-12-27","2019-12-27"
23.4340510042083,38.6741949640833,37.4840185161667,15.2376916704167,"2019-12-28","2019-12-28"
22.3901943308333,39.798159665625,33.5668993450833,15.0161684433333,"2019-12-29","2019-12-29"
13.06496571825,30.7484045821667,28.799654144,24.6508116556522,"2019-12-30","2019-12-30"
9.135585113,33.6102230766667,27.325012451125,16.3976232433333,"2019-12-31","2019-12-31"
12.1935865365833,26.5018615744583,NA,16.33876836375,"2020-01-01","2020-01-01"
14.3998270715833,24.6095137274583,NA,15.9047136329167,"2020-01-02","2020-01-02"
14.6099062915833,24.8441158130833,NA,15.79027358875,"2020-01-03","2020-01-03"
22.0411521997917,37.1946486976667,NA,16.0902699870833,"2020-01-04","2020-01-04"
19.8520776725417,30.5873710953333,NA,15.9774648020833,"2020-01-05","2020-01-05"
20.2624269675,28.6206372190417,NA,15.9545767920833,"2020-01-06","2020-01-06"
15.1921042893077,5.495574330375,NA,16.2856354875,"2020-01-07","2020-01-07"
27.9796094952,NA,NA,16.9984334658333,"2020-01-08","2020-01-08"
34.1579004205833,NA,NA,16.694349925,"2020-01-09","2020-01-09"
25.8912422018333,NA,NA,16.48100098875,"2020-01-10","2020-01-10"
18.167356758875,NA,NA,15.8761036204167,"2020-01-11","2020-01-11"
22.4588583562083,NA,NA,16.0044399533333,"2020-01-12","2020-01-12"
21.88665814325,NA,NA,16.3964342563636,"2020-01-13","2020-01-13"
14.21100100175,NA,NA,16.1891788804167,"2020-01-14","2020-01-14"
28.1130138854167,68.937455504625,NA,16.8472091254167,"2020-01-15","2020-01-15"
29.29828575725,37.7921892020417,NA,16.2913574895833,"2020-01-16","2020-01-16"
29.977569153,49.2092183101667,NA,16.92895201125,"2020-01-17","2020-01-17"
30.79172831375,41.432608698,NA,16.4965321366667,"2020-01-18","2020-01-18"
27.8874035185417,37.534699105625,NA,15.99708309375,"2020-01-19","2020-01-19"
11.374522802875,25.4195857430417,NA,15.2401439558333,"2020-01-20","2020-01-20"
7.729607446625,20.7111954193333,NA,15.9710739954545,"2020-01-21","2020-01-21"
5.3118863842381,28.6745875254167,NA,15.13551306,"2020-01-22","2020-01-22"
17.895970372375,43.0417174382083,NA,26.1920560308333,"2020-01-23","2020-01-23"
27.2906804407917,48.4751671795833,NA,16.56110901875,"2020-01-24","2020-01-24"
14.878840392625,32.6755464666087,NA,16.4458515466667,"2020-01-25","2020-01-25"
12.4788692144167,31.52332715675,NA,15.93250621375,"2020-01-26","2020-01-26"
15.8679293312917,34.698629623,NA,16.0013931745455,"2020-01-27","2020-01-27"
15.215621089,28.1625267226667,36.544675967,16.3019840654167,"2020-01-28","2020-01-28"
13.767954550875,26.4608124286087,21.3773999532083,19.6918616129167,"2020-01-29","2020-01-29"
20.4161035954583,38.1346919022083,37.4823836634167,16.5799098833333,"2020-01-30","2020-01-30"
26.3604463767917,35.5295460765,35.6734135602917,16.0886351275,"2020-01-31","2020-01-31"
19.3460891975,44.0365283872083,34.4783325407917,15.8703816179167,"2020-02-01","2020-02-01"
13.311011808875,30.2309721046667,24.1926250004583,15.48945976375,"2020-02-02","2020-02-02"
19.8398162382917,44.8286169620417,29.8251558248182,15.87610362,"2020-02-03","2020-02-03"
22.0689447820417,30.6911845603333,27.686316017375,15.5344183495833,"2020-02-04","2020-02-04"
23.3995057501739,42.937086541875,38.2654805235833,16.1246019995833,"2020-02-05","2020-02-05"
23.8623837349583,42.54145096925,37.0638600770417,15.97582994375,"2020-02-06","2020-02-06"
24.0266869385417,36.0824995568182,37.5919191322083,16.372866825,"2020-02-07","2020-02-07"
17.3809901808333,32.2688222910833,31.8404895617083,NA,"2020-02-08","2020-02-08"
22.4621280710833,42.9828625614167,41.4248431252083,NA,"2020-02-09","2020-02-09"
32.962001975625,44.8539572566667,47.1027041001667,15.82760284,"2020-02-10","2020-02-10"
28.2388979352083,44.262138751625,43.28367639025,16.0191536741667,"2020-02-11","2020-02-11"
27.582502548125,39.5439392865417,36.6919299359583,16.1548468683333,"2020-02-12","2020-02-12"
25.76127101525,44.9767202110909,42.9597968494783,15.902261345,"2020-02-13","2020-02-13"
32.7748107649583,44.0250843759583,47.9144109674583,25.256099965,"2020-02-14","2020-02-14"
24.7680949290833,40.8755309249167,44.4583216785834,17.392434185,"2020-02-15","2020-02-15"
32.34320832075,37.15949925325,41.48942000575,15.9521245058333,"2020-02-16","2020-02-16"
34.4905939782917,38.99380965,41.8722610473913,15.8622816409091,"2020-02-17","2020-02-17"
32.3940666102174,45.3337880132917,40.8493731959167,16.6542959108333,"2020-02-18","2020-02-18"
16.5424858566087,38.1551276264167,32.899059958125,16.1344111458333,"2020-02-19","2020-02-19"
14.6311594430417,25.7310261448333,23.9915374972917,15.90553106,"2020-02-20","2020-02-20"
11.985959601625,34.5111363165217,34.749718929625,16.079866345,"2020-02-21","2020-02-21"
11.9655238805417,33.8186674393333,29.467493534375,15.8098918816667,"2020-02-22","2020-02-22"
19.4613466684583,34.905847841375,41.6757937908333,15.9341410720833,"2020-02-23","2020-02-23"
18.1289376021667,32.255743428875,39.191627434625,15.8025350225,"2020-02-24","2020-02-24"
17.698152585,35.9513393744167,35.6799529870833,16.02160596,"2020-02-25","2020-02-25"
12.7085667279583,23.5239681812917,19.5267409792083,16.00362252625,"2020-02-26","2020-02-26"
20.5534316470417,33.5243930409583,32.50342437625,15.640684105,"2020-02-27","2020-02-27"
25.1285810640833,33.463085877,36.0633271332083,21.8645875620833,"2020-02-28","2020-02-28"
26.287695208625,38.6880912525833,37.0753040767083,15.8393193216667,"2020-02-29","2020-02-29"
17.0221389042917,33.9510909165833,36.8063699801667,16.00035281,"2020-03-01","2020-03-01"
21.689657783875,43.3932118592083,38.8834567533478,15.6774684041667,"2020-03-02","2020-03-02"
26.201047750625,36.0518831282083,32.5181380976667,15.8049873091667,"2020-03-03","2020-03-03"
40.1372440248636,47.07572893925,47.0920775187083,16.2733740541667,"2020-03-04","2020-03-04"
29.740514776875,43.5411664875,39.7164167783333,16.5316815783333,"2020-03-05","2020-03-05"
28.412192857,38.8103340250909,29.0873891078333,15.6518308622727,"2020-03-06","2020-03-06"
12.866330501625,30.7099854265417,22.579837829875,15.5801943683333,"2020-03-07","2020-03-07"
34.991677874,41.915300453625,39.4654661131667,16.0224233904167,"2020-03-08","2020-03-08"
31.2911773564167,47.3561070495833,39.6444830332917,15.8785559083333,"2020-03-09","2020-03-09"
31.2748287776667,39.9678133124091,38.049679301125,15.8311450325,"2020-03-10","2020-03-10"
22.3329743096667,40.8174934738333,35.813193896,16.0134316716667,"2020-03-11","2020-03-11"
29.1952897178333,33.8799746054583,35.0374538940833,15.5156174866667,"2020-03-12","2020-03-12"
13.3012026632917,30.3764744443333,26.7928662540417,19.1817859941667,"2020-03-13","2020-03-13"
21.0414366857917,36.0576051289583,32.2917102992917,15.7330535670833,"2020-03-14","2020-03-14"
29.3914726485,34.2600790319583,37.9197081075417,15.8728339054167,"2020-03-15","2020-03-15"
16.5864493135833,26.5353761584583,22.4885345779565,15.3815591516667,"2020-03-16","2020-03-16"
18.6169426401667,32.908051672875,31.068836700375,16.71805536375,"2020-03-17","2020-03-17"
31.878500002875,35.72000700425,34.51511684175,16.3019840654167,"2020-03-18","2020-03-18"
NA,36.3633235290833,34.7889555113333,16.446668975,"2020-03-19","2020-03-19"
NA,22.2498194987727,19.3836909260833,15.4208312765217,"2020-03-20","2020-03-20"
NA,35.3399025767083,37.28374844275,15.9856390904167,"2020-03-21","2020-03-21"
NA,38.037417866,38.9578427789167,16.5218724325,"2020-03-22","2020-03-22"
NA,38.2646630954583,41.1714401743333,16.2104320320833,"2020-03-23","2020-03-23"
NA,39.0919011153333,48.4808891804167,15.7698378675,"2020-03-24","2020-03-24"
NA,40.5403850834167,42.1678859744583,15.6848252641667,"2020-03-25","2020-03-25"
NA,49.9751491675,45.8422287708333,15.6137089520833,"2020-03-26","2020-03-26"
NA,40.8068668990417,45.3329705805833,18.9558871188235,"2020-03-27","2020-03-27"
NA,31.7170577990833,34.268253322125,NA,"2020-03-28","2020-03-28"
NA,31.2642022026667,28.5462511915833,NA,"2020-03-29","2020-03-29"
NA,30.1018183418333,13.8681713301,15.2153875392857,"2020-03-30","2020-03-30"
NA,29.1781237125417,NA,15.676650975,"2020-03-31","2020-03-31"
NA,22.691825585125,NA,15.3014511204167,"2020-04-01","2020-04-01"
NA,27.7508928957083,NA,15.2989988354167,"2020-04-02","2020-04-02"
NA,14.2161285097273,NA,15.0505004566667,"2020-04-03","2020-04-03"
NA,NA,NA,NA,"2020-04-04","2020-04-04"
NA,NA,NA,NA,"2020-04-05","2020-04-05"
NA,NA,NA,NA,"2020-04-06","2020-04-06"
NA,NA,NA,NA,"2020-04-07","2020-04-07"
NA,NA,NA,NA,"2020-04-08","2020-04-08"
36.266678284,NA,NA,NA,"2020-04-09","2020-04-09"
26.2787034912083,NA,NA,NA,"2020-04-10","2020-04-10"
15.2638493932917,NA,NA,NA,"2020-04-11","2020-04-11"
21.7215375107083,NA,NA,NA,"2020-04-12","2020-04-12"
17.5240402336667,NA,28.5362084945,NA,"2020-04-13","2020-04-13"
20.2371609833636,NA,25.3345731396667,NA,"2020-04-14","2020-04-14"
22.469484930875,NA,28.836438442625,NA,"2020-04-15","2020-04-15"
19.6011270069583,42.9864826042857,25.1571910742083,14.5535036991667,"2020-04-16","2020-04-16"
36.1867588916667,53.81297774,36.565228461125,15.4796506170833,"2020-04-17","2020-04-17"
25.3288511375833,NA,36.58975132875,15.629808746087,"2020-04-18","2020-04-18"
31.6802734997083,NA,38.1861899206667,16.3698306620833,"2020-04-19","2020-04-19"
24.51060483275,35.9825651575333,31.93122416575,15.2573099629167,"2020-04-20","2020-04-20"
25.9035036369167,20.3513037787727,29.2402483069583,14.783201215,"2020-04-21","2020-04-21"
26.9857794682917,23.1626646178095,31.0238781136667,15.18701107875,"2020-04-22","2020-04-22"
16.86519256,20.9245443559167,31.8061575469583,14.9041806870833,"2020-04-23","2020-04-23"
17.10878636525,16.7376736557917,25.0190455940833,14.8510478116667,"2020-04-24","2020-04-24"
25.2086890932917,21.7525998084583,34.1881452912917,14.6360640154167,"2020-04-25","2020-04-25"
28.9075547554583,20.9188223547083,30.631512253375,14.8837449654167,"2020-04-26","2020-04-26"
32.697972452,25.7408352914583,28.0857188721739,14.99246300625,"2020-04-27","2020-04-27"
27.6364528535833,19.7449944890417,27.5579796812917,14.7047280416667,"2020-04-28","2020-04-28"
24.0119376790435,24.7754517885417,27.7173783114583,14.818350655,"2020-04-29","2020-04-29"
25.6492832572083,2.600825131,25.2168633817083,14.982490375,"2020-04-30","2020-04-30"
25.9010513507083,NA,29.4756678233333,NA,"2020-05-01","2020-05-01"
19.6027618642917,NA,25.1040581969167,NA,"2020-05-02","2020-05-02"
21.240889330875,NA,21.7591392389167,31.1407704420833,"2020-05-03","2020-05-03"
31.063114699125,NA,33.0764420202917,38.4621305533333,"2020-05-04","2020-05-04"
28.32718025175,NA,28.0582461536667,37.4178067804167,"2020-05-05","2020-05-05"
32.5246775284167,NA,31.4750988525833,39.49244126375,"2020-05-06","2020-05-06"
19.2447280168333,NA,18.8989556026667,29.372671785,"2020-05-07","2020-05-07"
29.1266256935,NA,31.609157188125,46.5672881829167,"2020-05-08","2020-05-08"
34.8919515523333,NA,30.1819263727083,42.4940400933333,"2020-05-09","2020-05-09"
25.9550016560833,NA,27.0944975087917,37.03770235,"2020-05-10","2020-05-10"
15.1240690552917,NA,28.5380769049333,32.7421136083333,"2020-05-11","2020-05-11"
14.8281598022917,NA,27.1271946644375,32.0031579058333,"2020-05-12","2020-05-12"
22.0901979335455,NA,24.538397414375,38.800079005,"2020-05-13","2020-05-13"
38.06112330675,NA,32.4257686352917,46.2190634833333,"2020-05-14","2020-05-14"
32.559009542,NA,31.0729238464583,40.3204967170833,"2020-05-15","2020-05-15"
37.71289860125,NA,33.646189947875,46.4193335545833,"2020-05-16","2020-05-16"
23.8689231662083,NA,22.1866545397917,35.42340939,"2020-05-17","2020-05-17"
22.7989087675833,NA,21.6030103229583,23.55339561975,"2020-05-18","2020-05-18"
18.1281201740417,NA,19.56025556375,19.633006733375,"2020-05-19","2020-05-19"
34.1758838572083,43.5643814656667,29.6040041565833,31.9189627320417,"2020-05-20","2020-05-20"
25.90268620825,35.1090677729565,28.4179148594167,30.543229933625,"2020-05-21","2020-05-21"
19.3346451935417,35.142084788625,29.5549584237917,33.7459162714583,"2020-05-22","2020-05-22"
31.7799998250417,33.3486458375417,28.1841302010833,30.4287898917917,"2020-05-23","2020-05-23"
24.8383938120833,32.3974784866522,27.3135684476667,29.5492364221667,"2020-05-24","2020-05-24"
26.9171154436667,33.1140437492083,31.4350448382917,33.961717493,"2020-05-25","2020-05-25"
23.038415428625,27.4195498785652,11.395775954375,23.6155202144583,"2020-05-26","2020-05-26"
17.3647482243043,19.8839573980417,NA,17.855916357625,"2020-05-27","2020-05-27"
15.2074468005417,27.8988475227083,NA,22.9092616675,"2020-05-28","2020-05-28"
20.5272739225833,24.6022311796364,33.5291718592308,25.5572853524545,"2020-05-29","2020-05-29"
18.932470187,20.0122937305,18.41585513775,NA,"2020-05-30","2020-05-30"
24.2939861807917,26.987414326125,22.5455058159583,NA,"2020-05-31","2020-05-31"
19.0379185119167,20.4324521735833,16.2570254765417,20.1684226465417,"2020-06-01","2020-06-01"
14.9630355668333,26.7413682348333,21.2547856215,23.3727438392917,"2020-06-02","2020-06-02"
8.70316523766667,16.0240582472083,11.7799675259583,10.6772559719583,"2020-06-03","2020-06-03"
16.691080210625,30.3699350123333,21.191026169625,6.28855465090909,"2020-06-04","2020-06-04"
24.6299494487917,27.9070218109583,24.5114222615417,39.1097210612,"2020-06-05","2020-06-05"
23.8076159996667,NA,23.2321460721667,2.96672186544444,"2020-06-06","2020-06-06"
23.4839141657917,NA,25.8920596325417,NA,"2020-06-07","2020-06-07"
32.5099638098333,46.4675618551667,27.1598918194167,37.3496629313636,"2020-06-08","2020-06-08"
32.40288062725,29.0522396662917,25.479258050875,33.1778032019167,"2020-06-09","2020-06-09"
17.819015282381,31.5265968724583,23.26811294225,27.189319259375,"2020-06-10","2020-06-10"
18.7567229784167,35.7306335799583,26.633467623125,27.6552537176667,"2020-06-11","2020-06-11"
18.1951493411667,6.009737093,26.1605266310952,35.027644743125,"2020-06-12","2020-06-12"
18.504137456125,NA,31.8895352947917,35.1502590765417,"2020-06-13","2020-06-13"
17.5730859663333,38.0709324495,28.800471570875,28.1479856254783,"2020-06-14","2020-06-14"
20.5329959253333,36.2521531995833,34.2813321810417,2.925577945625,"2020-06-15","2020-06-15"
15.45758003675,34.9875907334167,34.6478672897,NA,"2020-06-16","2020-06-16"
8.28791136883333,25.0223153089583,18.689693811125,NA,"2020-06-17","2020-06-17"
16.7556570905,30.54241250625,28.63535093875,NA,"2020-06-18","2020-06-18"
16.1484140572609,34.7865032306667,31.4762716873478,NA,"2020-06-19","2020-06-19"
20.6150891397619,30.5963628115,25.7334784330833,NA,"2020-06-20","2020-06-20"
18.6071334937083,35.915372506875,29.5165392677083,NA,"2020-06-21","2020-06-21"
18.6913286677917,32.9513754021667,28.4857614543333,NA,"2020-06-22","2020-06-22"
13.395206983375,31.6565680635417,19.2667985965833,NA,"2020-06-23","2020-06-23"
1.956924728125,32.601515843125,NA,NA,"2020-06-24","2020-06-24"
NA,33.4279364389583,NA,NA,"2020-06-25","2020-06-25"
NA,32.011332194125,NA,NA,"2020-06-26","2020-06-26"
NA,29.733975351375,NA,NA,"2020-06-27","2020-06-27"
NA,21.7297117986667,NA,NA,"2020-06-28","2020-06-28"
NA,40.0262223199167,NA,NA,"2020-06-29","2020-06-29"
NA,25.5848129975217,NA,39.249070394,"2020-06-30","2020-06-30"
NA,31.2053473235,NA,30.4369641805833,"2020-07-01","2020-07-01"
NA,35.0873170552917,NA,29.4070037985833,"2020-07-02","2020-07-02"
NA,28.465325732625,NA,27.4051204804167,"2020-07-03","2020-07-03"
NA,28.3803131304583,NA,30.7647531604583,"2020-07-04","2020-07-04"
NA,24.6691860354583,NA,23.7299602562917,"2020-07-05","2020-07-05"
NA,31.139135587125,NA,30.1099926297083,"2020-07-06","2020-07-06"
NA,30.71734228675,NA,29.8950088384167,"2020-07-07","2020-07-07"
20.9974590118,34.55108371225,NA,33.1451060478333,"2020-07-08","2020-07-08"
30.4467733300417,34.4121208010833,NA,36.8308928447083,"2020-07-09","2020-07-09"
6.938051973,22.8833374935714,NA,25.1950060441304,"2020-07-10","2020-07-10"
17.7978789072917,34.4529922457083,NA,35.5679652373333,"2020-07-11","2020-07-11"
21.9585918839583,34.636913739875,NA,35.7118327148333,"2020-07-12","2020-07-12"
25.2765356902083,41.598138043875,NA,38.6913609680417,"2020-07-13","2020-07-13"
25.060734465,44.4019190882083,NA,45.438418902875,"2020-07-14","2020-07-14"
28.3279976822083,51.509463163375,NA,49.7887753820417,"2020-07-15","2020-07-15"
29.8157182360417,43.4684153149167,NA,43.3621495619167,"2020-07-16","2020-07-16"
32.0734567925417,38.9913573645417,NA,46.4561178535,"2020-07-17","2020-07-17"
40.5248539332917,44.9675798735417,NA,52.774843063625,"2020-07-18","2020-07-18"
29.70209562275,43.575498496,NA,51.0410764147083,"2020-07-19","2020-07-19"
24.3438493440833,37.07939122425,NA,40.660547126625,"2020-07-20","2020-07-20"
18.1681741887083,40.389606611,NA,36.8407019925833,"2020-07-21","2020-07-21"
14.2660659826364,14.674483174625,NA,26.0588151221667,"2020-07-22","2020-07-22"
21.2689048481364,34.4162079474167,NA,30.4982713467083,"2020-07-23","2020-07-23"
16.4290409444348,28.5002619326522,NA,25.2014808563182,"2020-07-24","2020-07-24"
10.0232417911739,31.9982533336667,0.078473172,24.4191695746667,"2020-07-25","2020-07-25"
26.4642243053478,40.1758118031667,NA,38.0652104475,"2020-07-26","2020-07-26"
15.4387436323478,33.4508244448333,NA,35.721641861,"2020-07-27","2020-07-27"
19.6436333074167,42.2046702730833,NA,41.1052284365,"2020-07-28","2020-07-28"
17.2559235628333,38.16493676675,NA,35.3423548610417,"2020-07-29","2020-07-29"
15.7052609864583,32.9979688464167,NA,38.233600796875,"2020-07-30","2020-07-30"
18.9455490482917,28.901015324,NA,32.3644614694167,"2020-07-31","2020-07-31"
34.1440041313333,42.7842273455,NA,46.1446774539583,"2020-08-01","2020-08-01"
34.0786098219583,36.9020091585417,NA,40.7161322908333,"2020-08-02","2020-08-02"
29.1135468306957,37.1619515397917,0.058854879,42.0052176274583,"2020-08-03","2020-08-03"
26.5427330177083,44.1272629893333,35.6803245481818,42.6779615935417,"2020-08-04","2020-08-04"
25.3197426446667,47.9160458315417,40.0425709030417,54.0099780906667,"2020-08-05","2020-08-05"
21.8171766883333,11.577245164625,31.9655561773333,38.1985224327826,"2020-08-06","2020-08-06"
31.225783046,70.8304456192857,46.8108819877083,58.1232801942083,"2020-08-07","2020-08-07"
32.25656085675,43.2231866522083,39.7867156594583,47.7599169105833,"2020-08-08","2020-08-08"
26.473251563625,34.7824160835833,35.4469857594583,39.1998017311667,"2020-08-09","2020-08-09"
22.1057290811667,41.47388886,33.288156098,39.819412815125,"2020-08-10","2020-08-10"
21.9594093124167,42.9052068220833,35.8148287525833,45.4621243447083,"2020-08-11","2020-08-11"
22.8101039889565,34.3042201917917,30.8023548894167,33.4451024450417,"2020-08-12","2020-08-12"
20.2681489672917,34.6859594764167,30.7279688603333,36.81372684,"2020-08-13","2020-08-13"
11.8935901403333,37.5796576958333,30.6094416737917,40.5436547972917,"2020-08-14","2020-08-14"
13.4573315775417,29.2010117212917,27.2203815549583,32.568818690375,"2020-08-15","2020-08-15"
20.9956606684583,37.6033631322083,31.7571118137083,38.8540293100833,"2020-08-16","2020-08-16"
18.482884305125,31.84539413275,27.3340041699167,33.9331074817083,"2020-08-17","2020-08-17"
16.623233612875,27.8653329378333,20.8593632881304,26.2100394664167,"2020-08-18","2020-08-18"
1.302654656,20.1806840794583,16.7671010957083,18.1060495930417,"2020-08-19","2020-08-19"
NA,37.6107199934167,31.1023512849167,35.7543390150833,"2020-08-20","2020-08-20"
28.3045807495882,38.8941576385,31.4007128259167,14.596010002,"2020-08-21","2020-08-21"
13.477767300375,29.1593228485417,24.3070650427083,NA,"2020-08-22","2020-08-22"
26.8280156943333,40.6106839667083,30.6306948263333,NA,"2020-08-23","2020-08-23"
18.2654482240417,34.852714968,25.4611324546957,NA,"2020-08-24","2020-08-24"
10.2015123663333,25.2069476141304,19.7932227917083,NA,"2020-08-25","2020-08-25"
19.1572631276667,37.6540437213333,33.0576411562917,NA,"2020-08-26","2020-08-26"
16.8431219804583,38.6431326634583,23.1528554706667,NA,"2020-08-27","2020-08-27"
18.5719840529167,31.5552068843333,24.2841770327083,NA,"2020-08-28","2020-08-28"
14.571487135,25.0035144448333,16.7826322437083,NA,"2020-08-29","2020-08-29"
17.470089927625,35.03009703275,23.97028434625,NA,"2020-08-30","2020-08-30"
27.5996685537917,40.4463807632917,41.2069450229565,NA,"2020-08-31","2020-08-31"
17.7267625954167,37.350777609125,31.7955309709583,NA,"2020-09-01","2020-09-01"
7.39329385280952,34.1219335517917,24.006251217625,NA,"2020-09-02","2020-09-02"
27.9560675432727,48.497237763875,44.0787374389091,NA,"2020-09-03","2020-09-03"
12.3185045318636,32.3113285915,30.5407776480833,NA,"2020-09-04","2020-09-04"
29.9407848541667,42.4294632159167,34.1064024032083,NA,"2020-09-05","2020-09-05"
19.6109361532917,29.96122057625,22.9754734045417,NA,"2020-09-06","2020-09-06"
21.10274385075,34.3393696320833,25.5847063763333,NA,"2020-09-07","2020-09-07"
5.28140796475,20.4079293075,13.5088295972083,NA,"2020-09-08","2020-09-08"
18.8591503705652,36.6404319152917,27.4378176363333,NA,"2020-09-09","2020-09-09"
27.99939127475,38.2079050947391,35.2788086528696,NA,"2020-09-10","2020-09-10"
26.666164778125,38.5458586262917,33.1475583332917,NA,"2020-09-11","2020-09-11"
28.3361719722917,42.363251473125,33.493330745625,NA,"2020-09-12","2020-09-12"
27.6430278248696,36.3257218010417,37.2216238479583,NA,"2020-09-13","2020-09-13"
33.9633523505417,44.1918398722083,39.9513742694783,NA,"2020-09-14","2020-09-14"
24.9675475747083,31.837219842625,30.6118939610417,12.79112704,"2020-09-15","2020-09-15"
28.9659831507391,37.5894668389583,35.9962979632917,40.2600069792083,"2020-09-16","2020-09-16"
19.0771550976667,36.7883865442083,32.48053636775,40.2371189683333,"2020-09-17","2020-09-17"
15.6750161174583,42.4718984345217,34.911569846375,38.504169753,"2020-09-18","2020-09-18"
22.4057965594348,35.0300970362083,30.2872325353913,41.8572630045833,"2020-09-19","2020-09-19"
21.128901575625,34.9557110029167,32.1290419532083,39.6551096120417,"2020-09-20","2020-09-20"
23.5248922302174,50.094493778375,43.338444123,46.7675582535833,"2020-09-21","2020-09-21"
28.5773134894583,39.7679147956667,36.4655021353333,39.622412456875,"2020-09-22","2020-09-22"
26.1642634482917,37.0458766408333,28.9623224899167,36.63225762625,"2020-09-23","2020-09-23"
32.1829922565417,44.62262489,38.5393191939167,45.3329705784583,"2020-09-24","2020-09-24"
24.1844507126667,45.2577671257917,36.222725760875,44.7386997888333,"2020-09-25","2020-09-25"
25.4849800527917,42.1188402398333,31.87727385825,39.0216022307917,"2020-09-26","2020-09-26"
28.4089231410417,50.9176446580417,39.549661282,50.13536522025,"2020-09-27","2020-09-27"
20.9786478526667,47.4694256130417,33.0910716678636,50.6078797508333,"2020-09-28","2020-09-28"
15.676729754625,38.78775966125,32.2429566813478,38.7910314440833,"2020-09-29","2020-09-29"
30.6033685788261,46.6318501529583,39.4200309845833,48.4615926391667,"2020-09-30","2020-09-30"
30.254141717,46.707101076375,43.24065107,52.2605956237143,"2020-10-01","2020-10-01"
22.6521628837083,46.9045102739565,36.166246622125,15.149973313875,"2020-10-02","2020-10-02"
18.7620174844583,39.6539631927083,26.0278210126667,NA,"2020-10-03","2020-10-03"
12.450968897913,31.4696076685417,27.236743404125,NA,"2020-10-04","2020-10-04"
24.4859950919583,35.8995966261667,38.1137731597083,NA,"2020-10-05","2020-10-05"
31.2095012275833,43.9841628872083,38.9120872692083,NA,"2020-10-06","2020-10-06"
17.4034111963333,35.7859023000417,29.8541667197083,NA,"2020-10-07","2020-10-07"
33.61507683825,42.6091977014583,41.5515950886667,NA,"2020-10-08","2020-10-08"
29.019863035375,55.5122766887083,41.2972142607917,NA,"2020-10-09","2020-10-09"
38.4409510724583,51.9844808285833,43.0492519933333,NA,"2020-10-10","2020-10-10"
26.177504908125,36.4639785242083,32.6139124253333,NA,"2020-10-11","2020-10-11"
31.7272602772083,47.0637250009583,39.7611139565417,NA,"2020-10-12","2020-10-12"
25.5002466253333,37.29910015275,22.9423696939,NA,"2020-10-13","2020-10-13"
35.3245070830909,44.097039266125,NA,NA,"2020-10-14","2020-10-14"
35.4660858904167,50.9080654893333,NA,NA,"2020-10-15","2020-10-15"
21.9340073614167,44.4349248186364,NA,65.8553053464286,"2020-10-16","2020-10-16"
19.899778680875,37.204218558125,NA,35.1037363505417,"2020-10-17","2020-10-17"
19.55951365,37.658995861125,NA,35.0661108885417,"2020-10-18","2020-10-18"
14.5096292347826,40.386023771875,NA,36.3478303683333,"2020-10-19","2020-10-19"
22.2133888507826,46.2024291419583,NA,45.428653374375,"2020-10-20","2020-10-20"
18.86589647225,41.54423358875,NA,36.4181736187083,"2020-10-21","2020-10-21"
20.168882515125,53.9540918754167,NA,50.7436585872917,"2020-10-22","2020-10-22"
16.58383052175,45.12764969425,NA,34.6113335885,"2020-10-23","2020-10-23"
11.5207523007917,28.4742938650833,NA,22.0763297551667,"2020-10-24","2020-10-24"
22.0403401844167,43.8123944767083,NA,39.0609532232917,"2020-10-25","2020-10-25"
20.9835555212917,43.9334503114167,NA,37.9101049105833,"2020-10-26","2020-10-26"
11.438139877125,31.7976035265,NA,31.5219561351667,"2020-10-27","2020-10-27"
3.436221606,26.073625920125,NA,24.3731187114583,"2020-10-28","2020-10-28"
3.70934403878261,42.24439432475,NA,41.3634677925,"2020-10-29","2020-10-29"
2.24362254604167,31.086958227,NA,29.1060446732727,"2020-10-30","2020-10-30"
0.801585889541667,28.2002823600417,NA,23.3948567481667,"2020-10-31","2020-10-31"
1.88781656441667,25.0299283748333,NA,22.1859343559167,"2020-11-01","2020-11-01"
2.73929708591667,33.805657977125,NA,33.7475838984583,"2020-11-02","2020-11-02"
4.182969631375,37.322820548875,NA,37.919920245,"2020-11-03","2020-11-03"
23.4051182376364,37.2238492337083,NA,43.5857069237143,"2020-11-04","2020-11-04"
18.3375041414583,41.0804588952917,NA,37.12160613575,"2020-11-05","2020-11-05"
21.709072546125,34.308694020875,NA,32.66871472175,"2020-11-06","2020-11-06"
21.7524236179167,42.0644464705833,NA,37.0635320540417,"2020-11-07","2020-11-07"
27.3937888027917,47.8105085891667,NA,42.0407260718333,"2020-11-08","2020-11-08"
15.079630061375,36.5187808289583,30.0277940909091,32.42251334225,"2020-11-09","2020-11-09"
12.2969819015833,35.1937102770417,23.8782621157083,29.097567790625,"2020-11-10","2020-11-10"
9.87869096527273,24.9031469312917,18.034046625375,21.57083987775,"2020-11-11","2020-11-11"
21.6624496920833,48.238293712875,25.409454754875,38.3207131885,"2020-11-12","2020-11-12"
20.9704684044167,10.382173159625,31.75834217675,37.3045283363636,"2020-11-13","2020-11-13"
20.34883036825,NA,27.7438691714167,36.2194130356667,"2020-11-14","2020-11-14"
24.7853628838333,NA,26.5488518428333,34.3021504589167,"2020-11-15","2020-11-15"
18.3301426380833,NA,32.3848878842083,38.477758587375,"2020-11-16","2020-11-16"
8.09381259073913,NA,18.4135730059167,24.5007180967083,"2020-11-17","2020-11-17"
15.7598626887273,NA,25.2245636705652,27.9115478529583,"2020-11-18","2020-11-18"
13.2212595095,NA,21.111510536,21.6706291412083,"2020-11-19","2020-11-19"
8.73284592509524,NA,17.0394257664783,21.4456943247083,"2020-11-20","2020-11-20"
18.6125566648636,NA,25.1583457058333,28.7981999999583,"2020-11-21","2020-11-21"
13.8471041191429,NA,23.8387776911364,30.8487875766667,"2020-11-22","2020-11-22"
8.61965086390909,NA,30.66638589025,31.6111121166667,"2020-11-23","2020-11-23"
2.20190736183333,NA,22.1033219323333,27.8551096625,"2020-11-24","2020-11-24"
11.8108381971739,NA,26.5243134971667,31.5317714737917,"2020-11-25","2020-11-25"
17.1457585880417,NA,31.283116256875,40.4481875768333,"2020-11-26","2020-11-26"
14.2207880372083,NA,25.76280690225,30.9821125775,"2020-11-27","2020-11-27"
18.8053685587083,NA,29.9400509190833,NA,"2020-11-28","2020-11-28"
27.2162947857083,NA,36.0337395724583,NA,"2020-11-29","2020-11-29"
19.449731235087,NA,30.1543524531667,NA,"2020-11-30","2020-11-30"
13.334349266,NA,25.060192331375,NA,"2020-12-01","2020-12-01"
9.77362223904167,NA,23.3114263803333,NA,"2020-12-02","2020-12-02"
11.3301711655417,NA,23.8250957049583,NA,"2020-12-03","2020-12-03"
13.8814476389565,NA,21.9744067244348,NA,"2020-12-04","2020-12-04"
17.698333635087,NA,23.4518283806087,NA,"2020-12-05","2020-12-05"
15.9981464928696,NA,26.1595101245,NA,"2020-12-06","2020-12-06"
18.699035736,NA,51.2224052232609,NA,"2020-12-07","2020-12-07"
17.3003501533333,NA,29.521120936087,NA,"2020-12-08","2020-12-08"
1.21990622257143,NA,28.7666202153043,NA,"2020-12-09","2020-12-09"
NA,NA,36.5467078001429,NA,"2020-12-10","2020-12-10"
NA,NA,NA,NA,"2020-12-11","2020-12-11"
NA,NA,NA,NA,"2020-12-12","2020-12-12"
NA,NA,NA,NA,"2020-12-13","2020-12-13"
NA,NA,NA,NA,"2020-12-14","2020-12-14"
NA,NA,NA,NA,"2020-12-15","2020-12-15"
NA,NA,NA,NA,"2020-12-16","2020-12-16"
NA,NA,NA,NA,"2020-12-17","2020-12-17"
NA,NA,NA,NA,"2020-12-18","2020-12-18"
NA,NA,NA,NA,"2020-12-19","2020-12-19"
NA,NA,NA,NA,"2020-12-20","2020-12-20"
NA,NA,NA,NA,"2020-12-21","2020-12-21"
NA,NA,NA,NA,"2020-12-22","2020-12-22"
NA,NA,NA,NA,"2020-12-23","2020-12-23"
NA,NA,NA,NA,"2020-12-24","2020-12-24"
NA,NA,NA,NA,"2020-12-25","2020-12-25"
NA,NA,NA,NA,"2020-12-26","2020-12-26"
NA,NA,NA,NA,"2020-12-27","2020-12-27"
NA,NA,NA,NA,"2020-12-28","2020-12-28"
NA,NA,NA,NA,"2020-12-29","2020-12-29"
NA,NA,NA,NA,"2020-12-30","2020-12-30"
NA,NA,NA,NA,"2020-12-31","2020-12-31"
